20200101,2020-01-01,-8.8,4.4,-2.2,0,5
20200102,2020-01-02,2.2,7.2,4.7,0,5
20200103,2020-01-03,-0.5,2.2,0.8500000000000001,0,0
20200104,2020-01-04,-4.9,-0.5,-2.7,0,0
20200105,2020-01-05,-4.9,4.4,-0.25,0,0
20200106,2020-01-06,-3.8,6.1,1.15,0,0
20200107,2020-01-07,-6,3.3,-1.35,0,0
20200108,2020-01-08,-14.3,-6,-10.15,0,0
20200109,2020-01-09,-7.1,9.4,1.1500000000000004,0.3,0
20200110,2020-01-10,-2.1,4.4,1.1500000000000001,11.9,0
20200111,2020-01-11,-7.7,-1,-4.35,1.3,5
20200112,2020-01-12,-10.5,-3.2,-6.85,4.3,5
20200113,2020-01-13,-3.2,-1,-2.1,0.5,10
20200114,2020-01-14,-2.1,2.2,0.050000000000000044,0,8
20200115,2020-01-15,-7.1,0,-3.55,0.5,5
20200116,2020-01-16,-16,-4.3,-10.15,0,5
20200117,2020-01-17,-17.1,-2.1,-9.600000000000001,7.4,5
20200118,2020-01-18,-16,0,-8,3.8,15
20200119,2020-01-19,-17.7,-6,-11.85,0,15
20200120,2020-01-20,-15.5,-3.8,-9.65,0,13
20200121,2020-01-21,-17.1,-4.9,-11,0,13
20200122,2020-01-22,-6,-0.5,-3.25,0.5,13
20200123,2020-01-23,-2.1,0,-1.05,2,15
20200124,2020-01-24,0,1.1,0.55,6.4,18
20200125,2020-01-25,0,2.2,1.1,5.1,23
20200126,2020-01-26,-2.7,0.6,-1.05,0,18
20200127,2020-01-27,-3.2,0.6,-1.3,0,18
20200128,2020-01-28,-4.3,-0.5,-2.4,0,18
20200129,2020-01-29,-4.9,-3.2,-4.050000000000001,0,15
20200130,2020-01-30,-4.3,-1,-2.65,0,15
20200131,2020-01-31,-2.7,0.6,-1.05,0.3,15
20200201,2020-02-01,0,3.3,1.65,0,15
20200202,2020-02-02,-1,10.6,4.8,0,15
20200203,2020-02-03,-4.3,3.9,-0.19999999999999996,0,13
20200204,2020-02-04,-6.6,0.6,-3,0,13
20200205,2020-02-05,-9.9,-3.2,-6.550000000000001,0,13
20200206,2020-02-06,-9.9,0.6,-4.65,0,13
20200207,2020-02-07,-11,1.1,-4.95,0,13
20200208,2020-02-08,-8.2,-1,-4.6,0,13
20200209,2020-02-09,-8.8,0,-4.4,9.4,15
20200210,2020-02-10,-15.5,-0.5,-8,0,25
20200211,2020-02-11,-8.2,-1,-4.6,0,23
20200212,2020-02-12,-12.1,1.7,-5.2,2,23
20200213,2020-02-13,-20.5,-3.2,-11.85,0.8,23
20200214,2020-02-14,-23.8,-11.6,-17.7,0,20
20200215,2020-02-15,-14.9,0.6,-7.15,0,20
20200216,2020-02-16,-11.6,1.1,-5.25,0,20
20200217,2020-02-17,-4.9,1.1,-1.9000000000000001,11.7,20
20200218,2020-02-18,-9.3,0.6,-4.3500000000000005,0,33
20200219,2020-02-19,-16.6,-6.6,-11.600000000000001,0,30
20200220,2020-02-20,-22.1,-8.2,-15.15,0,28
20200221,2020-02-21,-15.5,1.1,-7.2,0,28
20200222,2020-02-22,-4.9,4.4,-0.25,0,25
20200223,2020-02-23,-0.5,9.4,4.45,0,25
20200224,2020-02-24,-5.5,3.3,-1.1,0,20
20200225,2020-02-25,-2.7,1.1,-0.8,0,20
20200226,2020-02-26,-4.9,-2.1,-3.5,0,20
20200227,2020-02-27,-9.9,-2.7,-6.300000000000001,0,20
20200228,2020-02-28,-10.5,-2.7,-6.6,0,20
20200229,2020-02-29,-12.7,0.6,-6.05,0,18
20200301,2020-03-01,-2.7,11.1,4.199999999999999,0,18
20200302,2020-03-02,-2.1,5.6,1.7499999999999998,0,15
20200303,2020-03-03,-1,6.7,2.85,1.5,13
20200304,2020-03-04,-0.5,6.1,2.8,0,13
20200305,2020-03-05,-1,7.8,3.4,0,10
20200306,2020-03-06,-2.7,4.4,0.8500000000000001,0,8
20200307,2020-03-07,-3.8,10,3.1,0,8
20200308,2020-03-08,3.3,16.7,10,0,5
20200309,2020-03-09,2.2,11.1,6.65,12.7,0
20200310,2020-03-10,-1,8.3,3.6500000000000004,0,0
20200311,2020-03-11,0.6,6.1,3.3499999999999996,5.8,0
20200312,2020-03-12,1.7,10.6,6.1499999999999995,1.3,0
20200313,2020-03-13,-0.5,8.3,3.9000000000000004,0,0
20200314,2020-03-14,-2.7,1.7,-0.5000000000000001,0,0
20200315,2020-03-15,-3.8,5,0.6000000000000001,0,0
20200316,2020-03-16,-3.8,5,0.6000000000000001,0,0
20200317,2020-03-17,-2.1,7.8,2.8499999999999996,0,0
20200318,2020-03-18,0,4.4,2.2,8.6,0
20200319,2020-03-19,3.3,7.8,5.55,32.8,0
20200320,2020-03-20,-3.8,3.9,0.050000000000000044,8.6,0
20200321,2020-03-21,-7.1,2.2,-2.4499999999999997,0,0
20200322,2020-03-22,-3.2,2.2,-0.5,0,0
20200323,2020-03-23,-1.6,6.7,2.55,0,0
20200324,2020-03-24,2.2,8.9,5.550000000000001,0,0
20200325,2020-03-25,1.7,11.1,6.3999999999999995,0.8,0
20200326,2020-03-26,2.2,7.2,4.7,0.3,0
20200327,2020-03-27,0.6,13.3,6.95,3.3,0
20200328,2020-03-28,5,10,7.5,11.4,0
20200329,2020-03-29,3.9,9.4,6.65,1,0
20200330,2020-03-30,3.3,13.9,8.6,0,0
20200331,2020-03-31,-0.5,3.9,1.7,0,0
20200401,2020-04-01,-1,11.7,5.35,0,0
20200402,2020-04-02,0.6,16.7,8.65,0,0
20200403,2020-04-03,1.7,19.4,10.549999999999999,2.3,0
20200404,2020-04-04,-1.6,10.6,4.5,0,0
20200405,2020-04-05,-1.6,13.3,5.8500000000000005,0,0
20200406,2020-04-06,0.6,15,7.8,0.8,0
20200407,2020-04-07,9.4,23.9,16.65,0.3,0
20200408,2020-04-08,4.4,15,9.7,6.6,0
20200409,2020-04-09,0,7.2,3.6,0,0
20200410,2020-04-10,-1,9.4,4.2,0,0
20200411,2020-04-11,3.3,15,9.15,0.5,0
20200412,2020-04-12,0.6,12.8,6.7,12.2,0
20200413,2020-04-13,-1.6,4.4,1.4000000000000001,0.5,0
20200414,2020-04-14,-3.8,2.2,-0.7999999999999998,0,0
20200415,2020-04-15,-6,2.8,-1.6,0,0
20200416,2020-04-16,-4.9,7.2,1.15,0,0
20200417,2020-04-17,0.6,9.4,5,0,0
20200418,2020-04-18,-0.5,15.6,7.55,0,0
20200419,2020-04-19,4.4,13.9,9.15,0,0
20200420,2020-04-20,-1.6,17.2,7.8,0.3,0
20200421,2020-04-21,-1,9.4,4.2,0,0
20200422,2020-04-22,2.8,15.6,9.2,9.7,0
20200423,2020-04-23,3.9,12.2,8.049999999999999,0,0
20200424,2020-04-24,3.9,12.2,8.049999999999999,1,0
20200425,2020-04-25,3.3,13.3,8.3,0,0
20200426,2020-04-26,3.3,19.4,11.35,0,0
20200427,2020-04-27,6.1,16.1,11.100000000000001,8.9,0
20200428,2020-04-28,2.8,19.4,11.1,0,0
20200429,2020-04-29,7.8,11.1,9.45,8.9,0
20200430,2020-04-30,5.6,18.9,12.25,0,0
20200501,2020-05-01,2.2,19.4,10.799999999999999,0,0
20200502,2020-05-02,13.3,23.3,18.3,0,0
20200503,2020-05-03,5.6,22.8,14.2,0,0
20200504,2020-05-04,1.7,12.8,7.25,0,0
20200505,2020-05-05,2.8,11.7,7.25,0,0
20200506,2020-05-06,0,18.3,9.15,0,0
20200507,2020-05-07,3.9,16.7,10.299999999999999,0,0
20200508,2020-05-08,-1.6,8.3,3.3500000000000005,0,0
20200509,2020-05-09,-3.8,15,5.6,0,0
20200510,2020-05-10,1.1,14.4,7.75,9.9,0
20200511,2020-05-11,1.1,11.7,6.3999999999999995,0,0
20200512,2020-05-12,-0.5,15.6,7.55,0,0
20200513,2020-05-13,-0.5,18.9,9.2,5.3,0
20200514,2020-05-14,11.1,18.3,14.7,12.2,0
20200515,2020-05-15,10,23.3,16.65,0,0
20200516,2020-05-16,7.8,21.1,14.450000000000001,0,0
20200517,2020-05-17,10,12.2,11.1,51.8,0
20200518,2020-05-18,10,12.8,11.4,1,0
20200519,2020-05-19,9.4,15.6,12.5,0,0
20200520,2020-05-20,9.4,21.1,15.25,0,0
20200521,2020-05-21,12.2,20.6,16.4,0,0
20200522,2020-05-22,12.8,19.4,16.1,0.5,0
20200523,2020-05-23,12.2,22.8,17.5,20.3,0
20200524,2020-05-24,16.7,27.2,21.95,0,0
20200525,2020-05-25,17.8,28.3,23.05,0.3,0
20200526,2020-05-26,17.2,30,23.6,0,0
20200527,2020-05-27,21.7,28.9,25.299999999999997,0,0
20200528,2020-05-28,15,22.8,18.9,36.3,0
20200529,2020-05-29,10,18.3,14.15,0,0
20200530,2020-05-30,8.9,21.1,15,0,0
20200531,2020-05-31,5,21.7,13.35,0,0
20200601,2020-06-01,13.3,25,19.15,0,0
20200602,2020-06-02,18.9,31.7,25.299999999999997,15.7,0
20200603,2020-06-03,18.3,30,24.15,1.8,0
20200604,2020-06-04,16.7,30.6,23.65,0,0
20200605,2020-06-05,17.2,30,23.6,0,0
20200606,2020-06-06,13.9,26.1,20,0,0
20200607,2020-06-07,12.8,26.7,19.75,0,0
20200608,2020-06-08,15.6,31.7,23.65,0,0
20200609,2020-06-09,16.1,29.4,22.75,16,0
20200610,2020-06-10,15,27.2,21.1,31.2,0
20200611,2020-06-11,12.8,26.7,19.75,0,0
20200612,2020-06-12,11.1,27.8,19.45,0,0
20200613,2020-06-13,7.8,20,13.9,0,0
20200614,2020-06-14,7.2,21.1,14.15,0,0
20200615,2020-06-15,7.2,24.4,15.799999999999999,0,0
20200616,2020-06-16,8.3,27.8,18.05,0,0
20200617,2020-06-17,13.3,28.9,21.1,0,0
20200618,2020-06-18,13.9,30,21.95,0,0
20200619,2020-06-19,16.1,30.6,23.35,0,0
20200620,2020-06-20,20.6,26.1,23.35,3.3,0
20200621,2020-06-21,16.1,28.3,22.200000000000003,0,0
20200622,2020-06-22,15.6,22.8,19.2,16.8,0
20200623,2020-06-23,13.3,23.3,18.3,11.2,0
20200624,2020-06-24,13.3,24.4,18.85,0.3,0
20200625,2020-06-25,12.2,27.8,20,0,0
20200626,2020-06-26,18.3,23.9,21.1,26.2,0
20200627,2020-06-27,17.8,29.4,23.6,0,0
20200628,2020-06-28,17.2,29.4,23.299999999999997,0,0
20200629,2020-06-29,18.9,31.1,25,6.4,0
20200630,2020-06-30,17.8,31.7,24.75,0,0
20200701,2020-07-01,17.8,30.6,24.200000000000003,0,0
20200702,2020-07-02,16.7,31.7,24.2,0,0
20200703,2020-07-03,18.3,32.8,25.549999999999997,0,0
20200704,2020-07-04,18.9,31.7,25.299999999999997,0,0
20200705,2020-07-05,18.9,32.2,25.55,0,0
20200706,2020-07-06,20,32.8,26.4,0,0
20200707,2020-07-07,20.6,32.8,26.7,55.1,0
20200708,2020-07-08,18.9,32.2,25.55,0,0
20200709,2020-07-09,20,32.2,26.1,50,0
20200710,2020-07-10,19.4,28.3,23.85,11.7,0
20200711,2020-07-11,17.2,28.9,23.049999999999997,0,0
20200712,2020-07-12,16.7,27.2,21.95,0,0
20200713,2020-07-13,15,27.8,21.4,0,0
20200714,2020-07-14,20.6,28.3,24.450000000000003,19.8,0
20200715,2020-07-15,18.3,22.8,20.55,14.2,0
20200716,2020-07-16,18.3,28.3,23.3,0,0
20200717,2020-07-17,18.9,30,24.45,0,0
20200718,2020-07-18,23.9,31.1,27.5,2.5,0
20200719,2020-07-19,21.7,28.3,25,0,0
20200720,2020-07-20,17.2,26.1,21.65,0,0
20200721,2020-07-21,16.7,26.1,21.4,0,0
20200722,2020-07-22,14.4,27.2,20.8,0,0
20200723,2020-07-23,13.3,27.2,20.25,0,0
20200724,2020-07-24,15,28.9,21.95,0,0
20200725,2020-07-25,21.1,31.7,26.4,0,0
20200726,2020-07-26,22.8,33.3,28.049999999999997,39.4,0
20200727,2020-07-27,20.6,28.3,24.450000000000003,0,0
20200728,2020-07-28,17.2,29.4,23.299999999999997,0,0
20200729,2020-07-29,18.3,29.4,23.85,0,0
20200730,2020-07-30,16.7,27.8,22.25,0,0
20200731,2020-07-31,14.4,27.2,20.8,0,0
20200801,2020-08-01,13.9,27.8,20.85,0,0
20200802,2020-08-02,15,25,20,12.4,0
20200803,2020-08-03,13.3,18.9,16.1,0,0
20200804,2020-08-04,11.1,21.7,16.4,0,0
20200805,2020-08-05,10.6,25,17.8,0,0
20200806,2020-08-06,11.1,26.7,18.9,0,0
20200807,2020-08-07,13.9,27.2,20.55,0,0
20200808,2020-08-08,20,31.1,25.55,0,0
20200809,2020-08-09,20.6,28.9,24.75,10.7,0
20200810,2020-08-10,18.3,28.9,23.6,2.8,0
20200811,2020-08-11,12.8,27.8,20.3,0,0
20200812,2020-08-12,12.8,27.8,20.3,0,0
20200813,2020-08-13,13.9,28.3,21.1,0,0
20200814,2020-08-14,14.4,30,22.2,0,0
20200815,2020-08-15,14.4,24.4,19.4,2.5,0
20200816,2020-08-16,12.2,28.3,20.25,0,0
20200817,2020-08-17,13.9,27.2,20.55,0.3,0
20200818,2020-08-18,12.8,25,18.9,0,0
20200819,2020-08-19,11.1,27.2,19.15,0,0
20200820,2020-08-20,18.9,27.8,23.35,0,0
20200821,2020-08-21,14.4,28.9,21.65,0,0
20200822,2020-08-22,18.3,28.3,23.3,0,0
20200823,2020-08-23,18.3,30.6,24.450000000000003,0,0
20200824,2020-08-24,20,31.7,25.85,7.4,0
20200825,2020-08-25,18.3,31.7,25,1.8,0
20200826,2020-08-26,22.8,32.2,27.5,0,0
20200827,2020-08-27,18.9,32.8,25.849999999999998,15.5,0
20200828,2020-08-28,19.4,30.6,25,0.5,0
20200829,2020-08-29,12.8,25,18.9,0,0
20200830,2020-08-30,9.4,24.4,16.9,0,0
20200831,2020-08-31,11.7,23.3,17.5,19.3,0
20200901,2020-09-01,7.8,21.7,14.75,4.8,0
20200902,2020-09-02,13.9,27.2,20.55,0.3,0
20200903,2020-09-03,12.2,24.4,18.299999999999997,0,0
20200904,2020-09-04,10.6,23.9,17.25,0,0
20200905,2020-09-05,11.1,25,18.05,0,0
20200906,2020-09-06,11.7,25.6,18.65,9.7,0
20200907,2020-09-07,11.7,21.7,16.7,0.3,0
20200908,2020-09-08,8.9,12.2,10.55,19.8,0
20200909,2020-09-09,7.8,10.6,9.2,8.9,0
20200910,2020-09-10,7.8,11.7,9.75,7.1,0
20200911,2020-09-11,10.6,15.6,13.1,24.9,0
20200912,2020-09-12,15,20,17.5,2.5,0
20200913,2020-09-13,11.1,22.2,16.65,0,0
20200914,2020-09-14,9.4,21.7,15.55,0,0
20200915,2020-09-15,13.3,25.6,19.450000000000003,0,0
20200916,2020-09-16,12.8,23.9,18.35,0,0
20200917,2020-09-17,7.8,19.4,13.6,0,0
20200918,2020-09-18,5.6,16.7,11.149999999999999,0,0
20200919,2020-09-19,2.8,18.3,10.55,0,0
20200920,2020-09-20,5.6,20.6,13.100000000000001,0,0
20200921,2020-09-21,8.9,22.8,15.850000000000001,0,0
20200922,2020-09-22,11.7,25.6,18.65,0,0
20200923,2020-09-23,11.1,25,18.05,0,0
20200924,2020-09-24,12.2,22.8,17.5,1,0
20200925,2020-09-25,15.6,25.6,20.6,0,0
20200926,2020-09-26,17.2,23.9,20.549999999999997,0,0
20200927,2020-09-27,12.2,22.8,17.5,6.9,0
20200928,2020-09-28,7.8,15,11.4,0.3,0
20200929,2020-09-29,5.6,13.3,9.45,0,0
20200930,2020-09-30,7.8,15,11.4,0.3,0
20201001,2020-10-01,6.7,13.9,10.3,0.8,0
20201002,2020-10-02,-0.5,11.1,5.3,0,0
20201003,2020-10-03,1.7,11.1,6.3999999999999995,0.5,0
20201004,2020-10-04,0,11.7,5.85,0,0
20201005,2020-10-05,0.6,16.7,8.65,0,0
20201006,2020-10-06,9.4,21.7,15.55,0,0
20201007,2020-10-07,6.1,21.7,13.899999999999999,0,0
20201008,2020-10-08,3.9,18.9,11.399999999999999,0,0
20201009,2020-10-09,10,26.1,18.05,0,0
20201010,2020-10-10,6.7,22.2,14.45,0,0
20201011,2020-10-11,6.1,18.3,12.2,0,0
20201012,2020-10-12,4.4,17.8,11.100000000000001,6.6,0
20201013,2020-10-13,5,18.9,11.95,0,0
20201014,2020-10-14,4.4,20,12.2,0,0
20201015,2020-10-15,3.3,10.6,6.949999999999999,0,0
20201016,2020-10-16,0,10.6,5.3,0.5,0
20201017,2020-10-17,0.6,16.7,8.65,0,0
20201018,2020-10-18,1.1,11.7,6.3999999999999995,2.3,0
20201019,2020-10-19,-2.7,2.2,-0.25,0,0
20201020,2020-10-20,-2.7,8.3,2.8000000000000003,3.3,0
20201021,2020-10-21,4.4,12.8,8.600000000000001,5.6,0
20201022,2020-10-22,3.9,8.3,6.1000000000000005,47.8,0
20201023,2020-10-23,1.7,5.6,3.65,18,0
20201024,2020-10-24,0,5,2.5,0,0
20201025,2020-10-25,-0.5,2.2,0.8500000000000001,0.5,0
20201026,2020-10-26,-2.1,2.2,0.050000000000000044,0,0
20201027,2020-10-27,-1.6,4.4,1.4000000000000001,0,0
20201028,2020-10-28,-1,11.1,5.05,0,0
20201029,2020-10-29,0,5.6,2.8,0,0
20201030,2020-10-30,-2.7,5.6,1.4499999999999997,0,0
20201031,2020-10-31,-1.6,14.4,6.4,0,0
20201101,2020-11-01,-2.7,6.1,1.6999999999999997,0,0
20201102,2020-11-02,-3.8,10.6,3.4,0,0
20201103,2020-11-03,-1,20,9.5,0,0
20201104,2020-11-04,6.7,20.6,13.65,0,0
20201105,2020-11-05,5.6,22.2,13.899999999999999,0,0
20201106,2020-11-06,4.4,21.1,12.75,0,0
20201107,2020-11-07,11.1,21.1,16.1,0,0
20201108,2020-11-08,11.7,21.7,16.7,0,0
20201109,2020-11-09,15,22.8,18.9,0,0
20201110,2020-11-10,1.1,18.9,10,21.1,0
20201111,2020-11-11,0,6.7,3.35,0,0
20201112,2020-11-12,-0.5,11.1,5.3,0.3,0
20201113,2020-11-13,-4.3,2.2,-1.0499999999999998,0,0
20201114,2020-11-14,-3.2,8.9,2.85,3.6,0
20201115,2020-11-15,-1.6,10,4.2,3.3,0
20201116,2020-11-16,-3.2,5,0.8999999999999999,0,0
20201117,2020-11-17,-4.9,3.9,-0.5000000000000002,0,0
20201118,2020-11-18,0,10,5,0,0
20201119,2020-11-19,6.7,16.7,11.7,0,0
20201120,2020-11-20,-1,13.3,6.15,0,0
20201121,2020-11-21,-5.5,5,-0.25,0,0
20201122,2020-11-22,-6,5.6,-0.20000000000000018,0,0
20201123,2020-11-23,-3.2,5,0.8999999999999999,0,0
20201124,2020-11-24,0,3.3,1.65,16.3,0
20201125,2020-11-25,2.2,3.9,3.05,2.5,0
20201126,2020-11-26,2.2,6.7,4.45,0,0
20201127,2020-11-27,-2.1,5,1.45,0,0
20201128,2020-11-28,-3.8,10,3.1,0,0
20201129,2020-11-29,-0.5,7.8,3.65,0,0
20201130,2020-11-30,-7.1,-0.5,-3.8,0,0
20201201,2020-12-01,-8.8,1.1,-3.8500000000000005,0,0
20201202,2020-12-02,-8.2,6.7,-0.7499999999999996,0,0
20201203,2020-12-03,-2.1,4.4,1.1500000000000001,0,0
20201204,2020-12-04,-7.1,6.1,-0.5,0,0
20201205,2020-12-05,-8.2,1.7,-3.2499999999999996,0,0
20201206,2020-12-06,-4.3,2.8,-0.75,0,0
20201207,2020-12-07,-1,1.1,0.050000000000000044,0,0
20201208,2020-12-08,-1.6,1.1,-0.25,0,0
20201209,2020-12-09,-3.8,11.1,3.65,0,0
20201210,2020-12-10,-4.9,11.1,3.0999999999999996,0,0
20201211,2020-12-11,-1.6,3.3,0.8499999999999999,7.6,0
20201212,2020-12-12,-4.3,0,-2.15,5.8,5
20201213,2020-12-13,-12.7,-2.7,-7.699999999999999,0,13
20201214,2020-12-14,-11.6,-3.2,-7.4,0,13
20201215,2020-12-15,-14.9,-4.9,-9.9,0,13
20201216,2020-12-16,-7.7,-0.5,-4.1,0,13
20201217,2020-12-17,-9.3,-0.5,-4.9,0,13
20201218,2020-12-18,-12.1,1.7,-5.2,0,13
20201219,2020-12-19,0,1.7,0.85,0,13
20201220,2020-12-20,-3.8,0.6,-1.5999999999999999,0,13
20201221,2020-12-21,-1.6,4.4,1.4000000000000001,0,13
20201222,2020-12-22,-3.8,3.3,-0.25,0,13
20201223,2020-12-23,-8.2,11.7,1.75,0.8,10
20201224,2020-12-24,-16,-8.2,-12.1,0,3
20201225,2020-12-25,-15.5,-6.6,-11.05,0,3
20201226,2020-12-26,-9.9,-2.7,-6.300000000000001,0,3
20201227,2020-12-27,-7.7,1.7,-3,3.6,10
20201228,2020-12-28,-9.9,-2.1,-6,0,8
20201229,2020-12-29,-14.9,-2.7,-8.8,9.9,8
20201230,2020-12-30,-4.9,-0.5,-2.7,0.8,20
20201231,2020-12-31,-8.8,-4.9,-6.8500000000000005,0.3,18
20210101,2021-01-01,-8.8,-3.2,-6,0.5,18
20210102,2021-01-02,-8.2,-4.3,-6.25,0,18
20210103,2021-01-03,-6.6,-4.9,-5.75,0,18
20210104,2021-01-04,-6.6,-1.6,-4.1,0.5,15
20210105,2021-01-05,-9.3,0.6,-4.3500000000000005,0,18
20210106,2021-01-06,-8.8,-1.6,-5.2,0,15
20210107,2021-01-07,-6,-1.6,-3.8,0,15
20210108,2021-01-08,-3.8,-2.1,-2.95,0,15
20210109,2021-01-09,-9.3,-1,-5.15,0,15
20210110,2021-01-10,-7.7,-4.3,-6,0,15
20210111,2021-01-11,-7.7,-0.5,-4.1,0,15
20210112,2021-01-12,-7.7,1.7,-3,0,15
20210113,2021-01-13,-2.7,3.9,0.5999999999999999,0,15
20210114,2021-01-14,-3.8,1.7,-1.0499999999999998,5.3,13
20210115,2021-01-15,0,1.7,0.85,2,15
20210116,2021-01-16,-1,1.7,0.35,1,15
20210117,2021-01-17,-2.7,-1,-1.85,0.5,13
20210118,2021-01-18,-7.7,-2.1,-4.9,0,13
20210119,2021-01-19,-11.6,-2.7,-7.15,1.5,13
20210120,2021-01-20,-14.9,1.1,-6.9,0,18
20210121,2021-01-21,-7.7,3.9,-1.9000000000000001,0,15
20210122,2021-01-22,-15.5,-7.7,-11.6,0,13
20210123,2021-01-23,-17.7,-5.5,-11.6,0.3,13
20210124,2021-01-24,-13.8,-1.6,-7.7,3,18
20210125,2021-01-25,-15.5,-6,-10.75,0.8,18
20210126,2021-01-26,-13.8,-3.8,-8.8,6.1,23
20210127,2021-01-27,-18.8,-6.6,-12.7,0,25
20210128,2021-01-28,-21.6,-6.6,-14.100000000000001,0,25
20210129,2021-01-29,-16.6,-3.2,-9.9,0,25
20210130,2021-01-30,-3.8,0,-1.9,7.4,25
20210131,2021-01-31,-5.5,-1,-3.25,3.3,25
20210201,2021-02-01,-12.7,0,-6.35,0,25
20210202,2021-02-02,-14.9,-0.5,-7.7,0,25
20210203,2021-02-03,-18.2,-1.6,-9.9,0,25
20210204,2021-02-04,-9.3,0,-4.65,8.4,25
20210205,2021-02-05,-16,-9.3,-12.65,0,33
20210206,2021-02-06,-21.6,-13.2,-17.4,0,33
20210207,2021-02-07,-26,-17.7,-21.85,0,33
20210208,2021-02-08,-23.2,-14.9,-19.05,0.3,33
20210209,2021-02-09,-27.7,-12.1,-19.9,0,33
20210210,2021-02-10,-23.8,-11.6,-17.7,0,30
20210211,2021-02-11,-23.8,-14.3,-19.05,2.5,33
20210212,2021-02-12,-19.3,-14.9,-17.1,0.8,33
20210213,2021-02-13,-22.7,-16.6,-19.65,3,33
20210214,2021-02-14,-24.3,-18.8,-21.55,0,38
20210215,2021-02-15,-24.3,-16,-20.15,0,38
20210216,2021-02-16,-22.1,-8.2,-15.15,0.8,38
20210217,2021-02-17,-25.5,-7.7,-16.6,0,36
20210218,2021-02-18,-13.8,-3.8,-8.8,0,36
20210219,2021-02-19,-15.5,-6.6,-11.05,0,36
20210220,2021-02-20,-21,-5.5,-13.25,0,33
20210221,2021-02-21,-8.2,-0.5,-4.35,6.1,33
20210222,2021-02-22,-4.3,2.8,-0.75,0,41
20210223,2021-02-23,1.1,7.8,4.45,0,36
20210224,2021-02-24,-6.6,4.4,-1.0999999999999996,0,30
20210225,2021-02-25,-8.2,5,-1.5999999999999996,0,28
20210226,2021-02-26,-7.1,3.9,-1.5999999999999999,0,28
20210227,2021-02-27,-3.8,7.8,2,0,28
20210228,2021-02-28,-3.8,4.4,0.30000000000000027,0,25
20210301,2021-03-01,-9.9,-1.6,-5.75,0,23
20210302,2021-03-02,-11,3.9,-3.55,0,20
20210303,2021-03-03,-4.9,10.6,2.8499999999999996,0,20
20210304,2021-03-04,-6.6,1.1,-2.75,0,15
20210305,2021-03-05,-8.2,7.8,-0.19999999999999973,0,15
20210306,2021-03-06,-6.6,7.2,0.30000000000000027,0,15
20210307,2021-03-07,-8.2,6.7,-0.7499999999999996,0,15
20210308,2021-03-08,1.1,16.7,8.9,0,8
20210309,2021-03-09,-1,16.1,7.550000000000001,0,3
20210310,2021-03-10,8.9,16.1,12.5,1.5,0
20210311,2021-03-11,1.1,13.3,7.2,0,0
20210312,2021-03-12,-3.8,9.4,2.8000000000000003,0,0
20210313,2021-03-13,-5.5,15,4.75,0,0
20210314,2021-03-14,-2.7,8.3,2.8000000000000003,0,0
20210315,2021-03-15,-2.7,1.1,-0.8,5.6,0
20210316,2021-03-16,-1.6,1.7,0.04999999999999993,0,3
20210317,2021-03-17,0,1.1,0.55,4.3,0
20210318,2021-03-18,-1,7.8,3.4,0,0
20210319,2021-03-19,-5.5,10.6,2.55,0,0
20210320,2021-03-20,-3.2,13.9,5.35,0,0
20210321,2021-03-21,1.1,17.2,9.15,0,0
20210322,2021-03-22,6.7,15,10.85,0,0
20210323,2021-03-23,3.9,16.1,10,16.5,0
20210324,2021-03-24,6.1,11.7,8.899999999999999,2.5,0
20210325,2021-03-25,1.1,7.2,4.15,0.3,0
20210326,2021-03-26,-0.5,8.3,3.9000000000000004,0.3,0
20210327,2021-03-27,3.3,9.4,6.35,4.8,0
20210328,2021-03-28,-3.2,6.1,1.4499999999999997,0,0
20210329,2021-03-29,-3.2,18.3,7.550000000000001,0,0
20210330,2021-03-30,2.2,15,8.6,0,0
20210331,2021-03-31,-2.7,4.4,0.8500000000000001,0,0
20210401,2021-04-01,-7.1,4.4,-1.3499999999999996,0,0
20210402,2021-04-02,-3.8,10,3.1,0,0
20210403,2021-04-03,4.4,22.2,13.3,0,0
20210404,2021-04-04,1.1,23.9,12.5,0,0
20210405,2021-04-05,14.4,24.4,19.4,0,0
20210406,2021-04-06,14.4,26.1,20.25,0,0
20210407,2021-04-07,12.8,25.6,19.200000000000003,3,0
20210408,2021-04-08,7.8,17.2,12.5,9.7,0
20210409,2021-04-09,8.9,14.4,11.65,1.8,0
20210410,2021-04-10,8.9,12.2,10.55,14.5,0
20210411,2021-04-11,9.4,13.3,11.350000000000001,7.4,0
20210412,2021-04-12,2.8,13.9,8.35,0,0
20210413,2021-04-13,2.2,8.9,5.550000000000001,0,0
20210414,2021-04-14,0.6,4.4,2.5,0,0
20210415,2021-04-15,1.1,8.9,5,0,0
20210416,2021-04-16,-1,16.1,7.550000000000001,0,0
20210417,2021-04-17,-1,15,7,0,0
20210418,2021-04-18,1.7,16.1,8.9,0,0
20210419,2021-04-19,0.6,10.6,5.6,0,0
20210420,2021-04-20,-2.1,5.6,1.7499999999999998,0,0
20210421,2021-04-21,-3.8,7.8,2,0.3,0
20210422,2021-04-22,-5.5,16.7,5.6,0,0
20210423,2021-04-23,7.2,15,11.1,0,0
20210424,2021-04-24,5,16.1,10.55,0,0
20210425,2021-04-25,-1,10,4.5,0,0
20210426,2021-04-26,2.2,24.4,13.299999999999999,0,0
20210427,2021-04-27,7.8,26.7,17.25,0,0
20210428,2021-04-28,7.2,16.7,11.95,0,0
20210429,2021-04-29,6.7,22.2,14.45,0,0
20210430,2021-04-30,7.8,16.1,11.950000000000001,0,0
20210501,2021-05-01,7.8,30.6,19.2,0,0
20210502,2021-05-02,15,28.9,21.95,0,0
20210503,2021-05-03,12.2,20,16.1,14.7,0
20210504,2021-05-04,5,15.6,10.3,0,0
20210505,2021-05-05,1.7,16.7,9.2,0.8,0
20210506,2021-05-06,5,15,10,5.3,0
20210507,2021-05-07,1.7,11.7,6.699999999999999,0,0
20210508,2021-05-08,-1,12.2,5.6,0,0
20210509,2021-05-09,3.9,16.1,10,0,0
20210510,2021-05-10,2.8,11.7,7.25,0,0
20210511,2021-05-11,-1,15,7,0,0
20210512,2021-05-12,2.2,18.3,10.25,0,0
20210513,2021-05-13,2.8,20,11.4,0,0
20210514,2021-05-14,3.3,21.1,12.200000000000001,0,0
20210515,2021-05-15,11.1,16.1,13.600000000000001,2.3,0
20210516,2021-05-16,12.2,21.7,16.95,0,0
20210517,2021-05-17,8.3,24.4,16.35,0,0
20210518,2021-05-18,11.7,23.3,17.5,6.1,0
20210519,2021-05-19,17.2,23.9,20.549999999999997,1.3,0
20210520,2021-05-20,18.9,27.2,23.049999999999997,0,0
20210521,2021-05-21,18.3,23.3,20.8,2.3,0
20210522,2021-05-22,17.8,28.3,23.05,0,0
20210523,2021-05-23,13.9,26.1,20,7.4,0
20210524,2021-05-24,13.3,28.3,20.8,0,0
20210525,2021-05-25,19.4,27.2,23.299999999999997,0,0
20210526,2021-05-26,10.6,24.4,17.5,0,0
20210527,2021-05-27,3.9,10.6,7.25,15,0
20210528,2021-05-28,3.3,10.6,6.949999999999999,0.8,0
20210529,2021-05-29,0.6,17.8,9.200000000000001,0,0
20210530,2021-05-30,1.1,18.9,10,0,0
20210531,2021-05-31,10,22.2,16.1,0,0
20210601,2021-06-01,12.8,25,18.9,0,0
20210602,2021-06-02,9.4,26.7,18.05,0,0
20210603,2021-06-03,14.4,30.6,22.5,0.3,0
20210604,2021-06-04,20.6,31.7,26.15,0,0
20210605,2021-06-05,20.6,33.3,26.95,0,0
20210606,2021-06-06,22.2,31.7,26.95,0,0
20210607,2021-06-07,21.7,28.9,25.299999999999997,0.8,0
20210608,2021-06-08,20,32.8,26.4,0,0
20210609,2021-06-09,19.4,33.3,26.349999999999998,0,0
20210610,2021-06-10,18.3,33.3,25.799999999999997,0,0
20210611,2021-06-11,19.4,34.4,26.9,1.5,0
20210612,2021-06-12,15.6,30.6,23.1,0,0
20210613,2021-06-13,12.2,31.1,21.65,0,0
20210614,2021-06-14,13.9,28.9,21.4,0,0
20210615,2021-06-15,14.4,27.8,21.1,0,0
20210616,2021-06-16,10,27.8,18.9,0,0
20210617,2021-06-17,14.4,32.8,23.599999999999998,1,0
20210618,2021-06-18,20,31.1,25.55,36.6,0
20210619,2021-06-19,16.7,27.8,22.25,1,0
20210620,2021-06-20,14.4,24.4,19.4,10.4,0
20210621,2021-06-21,10.6,20.6,15.600000000000001,0,0
20210622,2021-06-22,7.8,22.2,15,0,0
20210623,2021-06-23,13.3,25.6,19.450000000000003,1,0
20210624,2021-06-24,19.4,24.4,21.9,8.4,0
20210625,2021-06-25,20,28.3,24.15,29.2,0
20210626,2021-06-26,21.7,23.9,22.799999999999997,14.7,0
20210627,2021-06-27,18.3,25.6,21.950000000000003,0.3,0
20210628,2021-06-28,18.3,26.1,22.200000000000003,0,0
20210629,2021-06-29,20.6,25,22.8,11.7,0
20210630,2021-06-30,18.9,29.4,24.15,0,0
20210701,2021-07-01,15.6,26.7,21.15,0,0
20210702,2021-07-02,11.7,25,18.35,0,0
20210703,2021-07-03,14.4,29.4,21.9,0,0
20210704,2021-07-04,19.4,31.1,25.25,0,0
20210705,2021-07-05,22.8,31.7,27.25,0,0
20210706,2021-07-06,21.7,32.2,26.950000000000003,0,0
20210707,2021-07-07,15.6,22.8,19.2,6.4,0
20210708,2021-07-08,13.9,20.6,17.25,0,0
20210709,2021-07-09,12.2,25,18.6,0,0
20210710,2021-07-10,13.9,24.4,19.15,0,0
20210711,2021-07-11,16.1,25.6,20.85,0,0
20210712,2021-07-12,14.4,23.9,19.15,0.3,0
20210713,2021-07-13,18.3,28.3,23.3,0,0
20210714,2021-07-14,18.9,26.7,22.799999999999997,19.3,0
20210715,2021-07-15,17.8,26.7,22.25,0.5,0
20210716,2021-07-16,14.4,26.7,20.55,0,0
20210717,2021-07-17,12.8,27.2,20,0,0
20210718,2021-07-18,12.2,28.3,20.25,0,0
20210719,2021-07-19,12.2,29.4,20.799999999999997,0,0
20210720,2021-07-20,16.1,30,23.05,0,0
20210721,2021-07-21,17.8,25,21.4,0,0
20210722,2021-07-22,17.8,30,23.9,0,0
20210723,2021-07-23,21.7,31.1,26.4,0,0
20210724,2021-07-24,21.1,32.2,26.650000000000002,0,0
20210725,2021-07-25,16.1,31.1,23.6,0,0
20210726,2021-07-26,14.4,33.3,23.849999999999998,0,0
20210727,2021-07-27,19.4,30.6,25,1,0
20210728,2021-07-28,19.4,30,24.7,5.6,0
20210729,2021-07-29,18.9,31.7,25.299999999999997,7.1,0
20210730,2021-07-30,15,23.9,19.45,0,0
20210731,2021-07-31,12.2,25.6,18.9,0,0
20210801,2021-08-01,13.9,25,19.45,0,0
20210802,2021-08-02,11.1,26.1,18.6,0,0
20210803,2021-08-03,11.1,28.3,19.7,0,0
20210804,2021-08-04,13.9,28.9,21.4,0,0
20210805,2021-08-05,15.6,28.3,21.95,0.3,0
20210806,2021-08-06,20,30,25,0,0
20210807,2021-08-07,19.4,25,22.2,24.6,0
20210808,2021-08-08,20.6,31.1,25.85,0.5,0
20210809,2021-08-09,19.4,27.2,23.299999999999997,20.3,0
20210810,2021-08-10,17.8,32.8,25.299999999999997,8.9,0
20210811,2021-08-11,20.6,30.6,25.6,0,0
20210812,2021-08-12,17.8,30,23.9,0,0
20210813,2021-08-13,12.8,27.2,20,0,0
20210814,2021-08-14,10.6,26.7,18.65,0,0
20210815,2021-08-15,11.7,26.7,19.2,0,0
20210816,2021-08-16,11.7,26.1,18.9,0,0
20210817,2021-08-17,13.3,27.8,20.55,0,0
20210818,2021-08-18,16.1,31.1,23.6,0,0
20210819,2021-08-19,17.8,32.2,25,0,0
20210820,2021-08-20,17.8,31.1,24.450000000000003,0,0
20210821,2021-08-21,17.2,28.3,22.75,6.9,0
20210822,2021-08-22,13.3,26.1,19.700000000000003,0,0
20210823,2021-08-23,15.6,30.6,23.1,4.6,0
20210824,2021-08-24,19.4,31.1,25.25,8.1,0
20210825,2021-08-25,20,30,25,0,0
20210826,2021-08-26,20,30,25,0,0
20210827,2021-08-27,20,30.6,25.3,4.1,0
20210828,2021-08-28,20,32.8,26.4,3.8,0
20210829,2021-08-29,18.3,28.9,23.6,0,0
20210830,2021-08-30,15,28.9,21.95,0,0
20210831,2021-08-31,13.9,25.6,19.75,0,0
20210901,2021-09-01,12.2,25,18.6,0,0
20210902,2021-09-02,8.9,25.6,17.25,0,0
20210903,2021-09-03,15,21.1,18.05,2.5,0
20210904,2021-09-04,15,21.1,18.05,0,0
20210905,2021-09-05,12.8,26.7,19.75,0,0
20210906,2021-09-06,10,26.1,18.05,0,0
20210907,2021-09-07,15,26.1,20.55,3.8,0
20210908,2021-09-08,11.1,22.8,16.95,0,0
20210909,2021-09-09,9.4,23.9,16.65,0,0
20210910,2021-09-10,10,26.1,18.05,0,0
20210911,2021-09-11,13.3,29.4,21.35,0,0
20210912,2021-09-12,17.2,23.9,20.549999999999997,0.5,0
20210913,2021-09-13,15.6,20.6,18.1,29.2,0
20210914,2021-09-14,12.2,23.3,17.75,0,0
20210915,2021-09-15,10,24.4,17.2,0,0
20210916,2021-09-16,10,27.2,18.6,0,0
20210917,2021-09-17,11.1,27.8,19.45,0,0
20210918,2021-09-18,8.9,25.6,17.25,0,0
20210919,2021-09-19,11.1,31.1,21.1,0,0
20210920,2021-09-20,18.3,28.3,23.3,22.4,0
20210921,2021-09-21,11.1,20.6,15.850000000000001,0.3,0
20210922,2021-09-22,8.9,18.3,13.600000000000001,0,0
20210923,2021-09-23,6.7,20.6,13.65,0,0
20210924,2021-09-24,7.2,26.1,16.650000000000002,0.8,0
20210925,2021-09-25,8.9,18.9,13.899999999999999,0,0
20210926,2021-09-26,11.1,27.2,19.15,0,0
20210927,2021-09-27,10.6,28.3,19.45,0,0
20210928,2021-09-28,8.3,24.4,16.35,0,0
20210929,2021-09-29,7.2,27.2,17.2,0,0
20210930,2021-09-30,10.6,28.9,19.75,0,0
20211001,2021-10-01,11.1,28.9,20,0,0
20211002,2021-10-02,18.9,26.1,22.5,1,0
20211003,2021-10-03,17.2,23.3,20.25,1,0
20211004,2021-10-04,16.1,21.7,18.9,0,0
20211005,2021-10-05,15.6,20.6,18.1,0,0
20211006,2021-10-06,15,25,20,0,0
20211007,2021-10-07,14.4,20,17.2,12.7,0
20211008,2021-10-08,15.6,22.2,18.9,0,0
20211009,2021-10-09,13.9,26.1,20,0,0
20211010,2021-10-10,17.2,22.8,20,0.3,0
20211011,2021-10-11,15.6,19.4,17.5,11.4,0
20211012,2021-10-12,14.4,17.8,16.1,1.3,0
20211013,2021-10-13,13.3,19.4,16.35,4.6,0
20211014,2021-10-14,7.2,19.4,13.299999999999999,0,0
20211015,2021-10-15,6.1,15,10.55,0,0
20211016,2021-10-16,4.4,15,9.7,0,0
20211017,2021-10-17,2.2,18.3,10.25,0,0
20211018,2021-10-18,2.8,22.2,12.5,0,0
20211019,2021-10-19,5.6,22.2,13.899999999999999,0,0
20211020,2021-10-20,8.9,22.2,15.55,0.5,0
20211021,2021-10-21,0.6,16.1,8.350000000000001,1,0
20211022,2021-10-22,-0.5,9.4,4.45,0,0
20211023,2021-10-23,-0.5,11.7,5.6,0,0
20211024,2021-10-24,-1,10,4.5,5.6,0
20211025,2021-10-25,0.6,11.7,6.1499999999999995,1.5,0
20211026,2021-10-26,-1,12.8,5.9,0,0
20211027,2021-10-27,-1,14.4,6.7,0,0
20211028,2021-10-28,6.1,11.1,8.6,5.8,0
20211029,2021-10-29,8.9,11.7,10.3,0,0
20211030,2021-10-30,2.8,13.3,8.05,0,0
20211031,2021-10-31,2.2,10.6,6.4,0,0
20211101,2021-11-01,0.6,8.3,4.45,0,0
20211102,2021-11-02,-3.8,7.2,1.7000000000000002,0,0
20211103,2021-11-03,-6,6.1,0.04999999999999982,0,0
20211104,2021-11-04,-3.2,9.4,3.1,0,0
20211105,2021-11-05,0,11.1,5.55,0,0
20211106,2021-11-06,3.9,15.6,9.75,0,0
20211107,2021-11-07,3.3,17.8,10.55,0,0
20211108,2021-11-08,4.4,19.4,11.899999999999999,0,0
20211109,2021-11-09,-1.6,15,6.7,0,0
20211110,2021-11-10,-3.8,12.8,4.5,0.3,0
20211111,2021-11-11,3.9,12.2,8.049999999999999,6.6,0
20211112,2021-11-12,1.1,3.9,2.5,1,0
20211113,2021-11-13,0,3.3,1.65,1,0
20211114,2021-11-14,-1,2.2,0.6000000000000001,0,0
20211115,2021-11-15,-5.5,0.6,-2.45,0,0
20211116,2021-11-16,-6,9.4,1.7000000000000002,0,0
20211117,2021-11-17,0.6,11.1,5.85,0,0
20211118,2021-11-18,-3.2,0.6,-1.3,0,0
20211119,2021-11-19,-7.7,2.8,-2.45,0,0
20211120,2021-11-20,-1.6,8.9,3.6500000000000004,0,0
20211121,2021-11-21,-3.8,11.1,3.65,0,0
20211122,2021-11-22,-7.7,0,-3.85,0,0
20211123,2021-11-23,-7.7,6.1,-0.8000000000000003,0,0
20211124,2021-11-24,1.7,11.1,6.3999999999999995,0,0
20211125,2021-11-25,-8.8,7.2,-0.8000000000000003,0.3,0
20211126,2021-11-26,-10.5,-1.6,-6.05,0,0
20211127,2021-11-27,-2.7,3.9,0.5999999999999999,0,0
20211128,2021-11-28,-7.7,3.9,-1.9000000000000001,0,0
20211129,2021-11-29,-6.6,5.6,-0.5,0,0
20211130,2021-11-30,-3.2,8.9,2.85,0,0
20211201,2021-12-01,-1.6,10,4.2,0,0
20211202,2021-12-02,2.2,10.6,6.4,0,0
20211203,2021-12-03,-1.6,6.1,2.25,3,0
20211204,2021-12-04,-2.7,1.7,-0.5000000000000001,0,0
20211205,2021-12-05,-0.5,2.2,0.8500000000000001,1,0
20211206,2021-12-06,-14.3,1.1,-6.6000000000000005,0,0
20211207,2021-12-07,-14.3,-5.5,-9.9,0,0
20211208,2021-12-08,-8.8,-2.7,-5.75,0,0
20211209,2021-12-09,-6,3.9,-1.05,0,0
20211210,2021-12-10,-1.6,2.8,0.5999999999999999,18.8,0
20211211,2021-12-11,-1.6,2.8,0.5999999999999999,3,0
20211212,2021-12-12,-1,8.3,3.6500000000000004,0,0
20211213,2021-12-13,-3.2,10,3.4,0,0
20211214,2021-12-14,-3.8,8.9,2.5500000000000003,0,0
20211215,2021-12-15,8.3,20,14.15,0.3,0
20211216,2021-12-16,-3.8,17.2,6.699999999999999,0,0
20211217,2021-12-17,-7.7,-1,-4.35,0,0
20211218,2021-12-18,-5.5,0,-2.75,0,0
20211219,2021-12-19,-5.5,-0.5,-3,0,0
20211220,2021-12-20,-7.1,3.9,-1.5999999999999999,0,0
20211221,2021-12-21,-9.9,1.7,-4.1000000000000005,0,0
20211222,2021-12-22,-11,-3.8,-7.4,0,0
20211223,2021-12-23,-6.6,3.9,-1.3499999999999999,0,0
20211224,2021-12-24,-6,8.3,1.1500000000000004,0.8,0
20211225,2021-12-25,-5.5,6.1,0.2999999999999998,0,0
20211226,2021-12-26,-8.2,3.9,-2.1499999999999995,7.1,0
20211227,2021-12-27,-4.9,3.3,-0.8000000000000003,1,5
20211228,2021-12-28,-6,1.1,-2.45,7.4,3
20211229,2021-12-29,-11.6,1.1,-5.25,0,8
20211230,2021-12-30,-12.1,-1,-6.55,0.3,8
20211231,2021-12-31,-3.2,-1,-2.1,0.3,8
20220101,2022-01-01,-9.9,-3.2,-6.550000000000001,1,8
20220102,2022-01-02,-16.6,-8.2,-12.4,0,10
20220103,2022-01-03,-17.7,-6.6,-12.149999999999999,0,8
20220104,2022-01-04,-8.8,-0.5,-4.65,0,8
20220105,2022-01-05,-11.6,-0.5,-6.05,0.5,8
20220106,2022-01-06,-18.8,-11.6,-15.2,0.3,10
20220107,2022-01-07,-22.1,-10.5,-16.3,0,10
20220108,2022-01-08,-12.7,-3.2,-7.949999999999999,0,10
20220109,2022-01-09,-13.8,-2.1,-7.95,0,8
20220110,2022-01-10,-19.9,-12.7,-16.299999999999997,0,8
20220111,2022-01-11,-20.5,2.2,-9.15,0,8
20220112,2022-01-12,-2.7,5.6,1.4499999999999997,0,8
20220113,2022-01-13,-4.3,4.4,0.050000000000000266,0,8
20220114,2022-01-14,-10.5,0,-5.25,0.3,8
20220115,2022-01-15,-16,-7.7,-11.85,0,8
20220116,2022-01-16,-18.2,-5.5,-11.85,0,8
20220117,2022-01-17,-6,-1.6,-3.8,0,8
20220118,2022-01-18,-4.3,2.2,-1.0499999999999998,0,8
20220119,2022-01-19,-15.5,1.1,-7.2,0,8
20220120,2022-01-20,-20.5,-12.7,-16.6,0,8
20220121,2022-01-21,-22.7,-8.2,-15.45,0,8
20220122,2022-01-22,-9.9,-2.7,-6.300000000000001,4.1,8
20220123,2022-01-23,-16.6,-9.9,-13.25,2,18
20220124,2022-01-24,-15.5,-8.2,-11.85,4.1,20
20220125,2022-01-25,-23.2,-14.3,-18.75,0,18
20220126,2022-01-26,-27.7,-10.5,-19.1,0,18
20220127,2022-01-27,-12.7,1.7,-5.5,0,18
20220128,2022-01-28,-17.1,-8.2,-12.65,0,15
20220129,2022-01-29,-14.9,-5.5,-10.2,0,15
20220130,2022-01-30,-13.8,-2.7,-8.25,0,15
20220131,2022-01-31,-16,-0.5,-8.25,0,15
20220201,2022-02-01,-6.6,6.7,0.050000000000000266,0,13
20220202,2022-02-02,-13.2,-6.6,-9.899999999999999,0,10
20220203,2022-02-03,-17.7,-10.5,-14.1,0,10
20220204,2022-02-04,-19.3,-7.7,-13.5,0.5,10
20220205,2022-02-05,-18.8,-6,-12.4,0,10
20220206,2022-02-06,-7.7,2.8,-2.45,0,10
20220207,2022-02-07,-9.9,-4.3,-7.1,0,10
20220208,2022-02-08,-7.7,3.3,-2.2,0,10
20220209,2022-02-09,-2.1,3.9,0.8999999999999999,0,10
20220210,2022-02-10,-4.9,1.1,-1.9000000000000001,1,10
20220211,2022-02-11,-9.9,5.6,-2.1500000000000004,0.5,10
20220212,2022-02-12,-14.9,-9.3,-12.100000000000001,0,10
20220213,2022-02-13,-16,-9.9,-12.95,0,10
20220214,2022-02-14,-12.1,-4.3,-8.2,0,10
20220215,2022-02-15,-12.1,2.8,-4.65,0,8
20220216,2022-02-16,-1,7.8,3.4,1.3,8
20220217,2022-02-17,-14.3,-1,-7.65,0,5
20220218,2022-02-18,-16,2.8,-6.6,1.5,5
20220219,2022-02-19,-16.6,-7.1,-11.850000000000001,0,8
20220220,2022-02-20,-7.7,10.6,1.4499999999999997,0,8
20220221,2022-02-21,-3.8,1.7,-1.0499999999999998,0.3,3
20220222,2022-02-22,-8.8,-3.8,-6.300000000000001,2.5,3
20220223,2022-02-23,-14.9,-6,-10.45,0,3
20220224,2022-02-24,-11,-5.5,-8.25,2,3
20220225,2022-02-25,-11.6,-2.7,-7.15,0.5,8
20220226,2022-02-26,-13.2,-0.5,-6.85,0,8
20220227,2022-02-27,-5.5,4.4,-0.5499999999999998,0,5
20220228,2022-02-28,-5.5,9.4,1.9500000000000002,0,5
20220301,2022-03-01,-0.5,9.4,4.45,0,3
20220302,2022-03-02,-3.2,7.8,2.3,0,0
20220303,2022-03-03,-5.5,0,-2.75,0,0
20220304,2022-03-04,-6,3.9,-1.05,0,0
20220305,2022-03-05,1.1,12.2,6.6499999999999995,30.5,0
20220306,2022-03-06,-0.5,11.1,5.3,0,0
20220307,2022-03-07,-7.7,0,-3.85,6.9,5
20220308,2022-03-08,-11.6,2.2,-4.699999999999999,0,5
20220309,2022-03-09,-6,0.6,-2.7,0,3
20220310,2022-03-10,-11,-5.5,-8.25,0,0
20220311,2022-03-11,-12.7,-2.7,-7.699999999999999,0,0
20220312,2022-03-12,-15.5,-6,-10.75,0,0
20220313,2022-03-13,-6,9.4,1.7000000000000002,0,0
20220314,2022-03-14,0,12.2,6.1,0,0
20220315,2022-03-15,-2.1,11.7,4.8,0,0
20220316,2022-03-16,-1,18.9,8.95,0,0
20220317,2022-03-17,2.2,11.7,6.949999999999999,3.3,0
20220318,2022-03-18,0,6.1,3.05,14.2,0
20220319,2022-03-19,-2.1,8.3,3.1000000000000005,2,0
20220320,2022-03-20,-3.8,16.7,6.449999999999999,0,0
20220321,2022-03-21,0.6,23.9,12.25,0,0
20220322,2022-03-22,5.6,8.9,7.25,10.9,0
20220323,2022-03-23,1.7,6.1,3.9,14,0
20220324,2022-03-24,0,2.8,1.4,5.1,0
20220325,2022-03-25,-0.5,5.6,2.55,0.3,0
20220326,2022-03-26,-5.5,-0.5,-3,0,0
20220327,2022-03-27,-7.7,0,-3.85,0,0
20220328,2022-03-28,-9.9,2.2,-3.85,0,0
20220329,2022-03-29,-3.2,4.4,0.6000000000000001,0,0
20220330,2022-03-30,1.7,11.7,6.699999999999999,22.1,0
20220331,2022-03-31,-2.1,1.7,-0.20000000000000007,9.4,3
20220401,2022-04-01,-4.9,7.8,1.4499999999999997,0,3
20220402,2022-04-02,0.6,3.9,2.25,7.4,0
20220403,2022-04-03,-1.6,8.9,3.6500000000000004,7.1,0
20220404,2022-04-04,2.8,6.7,4.75,1.3,0
20220405,2022-04-05,3.3,11.7,7.5,10.4,0
20220406,2022-04-06,3.3,10.6,6.949999999999999,2.5,0
20220407,2022-04-07,1.1,7.2,4.15,1.3,0
20220408,2022-04-08,0,2.2,1.1,0.5,0
20220409,2022-04-09,-1,11.1,5.05,0,0
20220410,2022-04-10,-2.1,16.1,7.000000000000001,0,0
20220411,2022-04-11,2.8,17.8,10.3,0,0
20220412,2022-04-12,-0.5,18.9,9.2,2.3,0
20220413,2022-04-13,1.7,18.9,10.299999999999999,13.2,0
20220414,2022-04-14,0.6,5.6,3.0999999999999996,0,0
20220415,2022-04-15,-0.5,5,2.25,0,0
20220416,2022-04-16,-2.7,6.1,1.6999999999999997,0,0
20220417,2022-04-17,-4.3,8.3,2.0000000000000004,0,0
20220418,2022-04-18,0,3.9,1.95,3.3,3
20220419,2022-04-19,-0.5,10,4.75,0,0
20220420,2022-04-20,5,10,7.5,3.6,0
20220421,2022-04-21,3.3,19.4,11.35,0,0
20220422,2022-04-22,2.8,11.1,6.949999999999999,23.4,0
20220423,2022-04-23,10,27.2,18.6,0,0
20220424,2022-04-24,9.4,21.1,15.25,1.3,0
20220425,2022-04-25,2.8,9.4,6.1,0,0
20220426,2022-04-26,-2.1,6.7,2.3,0,0
20220427,2022-04-27,-2.7,7.2,2.25,0,0
20220428,2022-04-28,1.7,9.4,5.55,1,0
20220429,2022-04-29,5,17.8,11.4,1.5,0
20220430,2022-04-30,8.9,17.2,13.05,8.9,0
20220501,2022-05-01,8.3,12.2,10.25,0,0
20220502,2022-05-02,6.7,10.6,8.65,0,0
20220503,2022-05-03,1.1,9.4,5.25,8.9,0
20220504,2022-05-04,0,16.1,8.05,0,0
20220505,2022-05-05,3.9,17.8,10.85,0,0
20220506,2022-05-06,7.8,18.3,13.05,0,0
20220507,2022-05-07,2.8,20.6,11.700000000000001,0,0
20220508,2022-05-08,7.2,16.1,11.65,0,0
20220509,2022-05-09,13.9,28.3,21.1,0,0
20220510,2022-05-10,20,32.2,26.1,0.5,0
20220511,2022-05-11,21.1,32.8,26.95,0,0
20220512,2022-05-12,22.8,34.4,28.6,0,0
20220513,2022-05-13,18.9,33.3,26.099999999999998,4.3,0
20220514,2022-05-14,15,30,22.5,0,0
20220515,2022-05-15,15,23.9,19.45,0.5,0
20220516,2022-05-16,10.6,24.4,17.5,0,0
20220517,2022-05-17,7.2,20,13.6,0,0
20220518,2022-05-18,9.4,16.7,13.05,3.3,0
20220519,2022-05-19,11.7,27.8,19.75,0.5,0
20220520,2022-05-20,11.7,22.2,16.95,2.3,0
20220521,2022-05-21,8.9,17.8,13.350000000000001,0,0
20220522,2022-05-22,6.7,16.1,11.4,0,0
20220523,2022-05-23,3.3,17.8,10.55,0,0
20220524,2022-05-24,5,17.8,11.4,0,0
20220525,2022-05-25,11.1,18.3,14.7,36.8,0
20220526,2022-05-26,15.6,23.9,19.75,7.4,0
20220527,2022-05-27,11.7,21.1,16.4,0,0
20220528,2022-05-28,11.1,22.2,16.65,0,0
20220529,2022-05-29,16.1,30,23.05,0,0
20220530,2022-05-30,20.6,32.2,26.400000000000002,0,0
20220531,2022-05-31,20,27.8,23.9,0,0
20220601,2022-06-01,13.3,22.8,18.05,0,0
20220602,2022-06-02,10,24.4,17.2,0,0
20220603,2022-06-03,8.3,23.9,16.1,0,0
20220604,2022-06-04,7.8,17.8,12.8,1.3,0
20220605,2022-06-05,13.9,23.9,18.9,9.7,0
20220606,2022-06-06,12.2,20.6,16.4,11.9,0
20220607,2022-06-07,10,24.4,17.2,0,0
20220608,2022-06-08,9.4,16.1,12.75,21.6,0
20220609,2022-06-09,9.4,25,17.2,0,0
20220610,2022-06-10,11.1,25,18.05,1,0
20220611,2022-06-11,14.4,21.7,18.05,1.8,0
20220612,2022-06-12,13.9,24.4,19.15,0,0
20220613,2022-06-13,12.2,26.1,19.15,12.2,0
20220614,2022-06-14,18.3,35.6,26.950000000000003,0,0
20220615,2022-06-15,19.4,33.9,26.65,34.8,0
20220616,2022-06-16,17.8,31.1,24.450000000000003,0,0
20220617,2022-06-17,15.6,27.8,21.7,0,0
20220618,2022-06-18,11.7,24.4,18.049999999999997,0,0
20220619,2022-06-19,10.6,28.9,19.75,0,0
20220620,2022-06-20,21.1,33.3,27.2,0,0
20220621,2022-06-21,22.2,34.4,28.299999999999997,0,0
20220622,2022-06-22,16.7,28.9,22.799999999999997,0,0
20220623,2022-06-23,13.9,30.6,22.25,0,0
20220624,2022-06-24,20,32.2,26.1,0,0
20220625,2022-06-25,19.4,23.9,21.65,5.6,0
20220626,2022-06-26,16.1,23.9,20,0,0
20220627,2022-06-27,12.8,25,18.9,0,0
20220628,2022-06-28,13.3,28.3,20.8,2.3,0
20220629,2022-06-29,14.4,30,22.2,0,0
20220630,2022-06-30,22.8,32.2,27.5,0,0
20220701,2022-07-01,18.3,26.7,22.5,0,0
20220702,2022-07-02,12.8,28.9,20.85,0,0
20220703,2022-07-03,15,30.6,22.8,0,0
20220704,2022-07-04,17.8,26.7,22.25,19.6,0
20220705,2022-07-05,20.6,31.7,26.15,48.5,0
20220706,2022-07-06,20,27.2,23.6,0.3,0
20220707,2022-07-07,17.2,29.4,23.299999999999997,0,0
20220708,2022-07-08,16.7,26.7,21.7,1,0
20220709,2022-07-09,14.4,26.1,20.25,0,0
20220710,2022-07-10,11.7,27.2,19.45,2.5,0
20220711,2022-07-11,19.4,30.6,25,0,0
20220712,2022-07-12,17.8,28.3,23.05,0,0
20220713,2022-07-13,16.7,26.1,21.4,0,0
20220714,2022-07-14,12.8,26.7,19.75,0,0
20220715,2022-07-15,16.1,23.9,20,14,0
20220716,2022-07-16,16.1,27.2,21.65,0,0
20220717,2022-07-17,17.2,30,23.6,0,0
20220718,2022-07-18,16.1,31.1,23.6,0,0
20220719,2022-07-19,22.8,30.6,26.700000000000003,0,0
20220720,2022-07-20,21.7,28.3,25,0,0
20220721,2022-07-21,19.4,31.7,25.549999999999997,0,0
20220722,2022-07-22,15.6,31.1,23.35,0,0
20220723,2022-07-23,21.7,32.2,26.950000000000003,31.8,0
20220724,2022-07-24,17.8,28.3,23.05,12.2,0
20220725,2022-07-25,14.4,25,19.7,0,0
20220726,2022-07-26,15.6,27.2,21.4,0,0
20220727,2022-07-27,20,27.8,23.9,7.1,0
20220728,2022-07-28,17.8,25.6,21.700000000000003,0.8,0
20220729,2022-07-29,15,26.1,20.55,0,0
20220730,2022-07-30,13.3,27.8,20.55,0,0
20220731,2022-07-31,16.1,27.8,21.950000000000003,0,0
20220801,2022-08-01,17.2,27.8,22.5,8.9,0
20220802,2022-08-02,15,30.6,22.8,0,0
20220803,2022-08-03,20.6,28.3,24.450000000000003,13.5,0
20220804,2022-08-04,17.2,28.9,23.049999999999997,0,0
20220805,2022-08-05,13.9,30,21.95,0,0
20220806,2022-08-06,22.2,32.8,27.5,27.4,0
20220807,2022-08-07,22.2,27.2,24.7,16.8,0
20220808,2022-08-08,15.6,25,20.3,10.2,0
20220809,2022-08-09,12.8,26.7,19.75,0,0
20220810,2022-08-10,14.4,28.3,21.35,0,0
20220811,2022-08-11,14.4,26.1,20.25,0,0
20220812,2022-08-12,11.7,19.4,15.549999999999999,0.5,0
20220813,2022-08-13,18.3,22.8,20.55,0.3,0
20220814,2022-08-14,16.1,22.2,19.15,0,0
20220815,2022-08-15,13.3,25.6,19.450000000000003,0,0
20220816,2022-08-16,12.8,26.7,19.75,0,0
20220817,2022-08-17,11.1,27.8,19.45,0,0
20220818,2022-08-18,13.3,27.2,20.25,0,0
20220819,2022-08-19,17.8,26.1,21.950000000000003,0.3,0
20220820,2022-08-20,17.8,23.3,20.55,4.6,0
20220821,2022-08-21,15.6,26.1,20.85,0,0
20220822,2022-08-22,11.1,27.2,19.15,0,0
20220823,2022-08-23,14.4,28.3,21.35,0,0
20220824,2022-08-24,14.4,27.8,21.1,4.3,0
20220825,2022-08-25,17.8,26.1,21.950000000000003,47.2,0
20220826,2022-08-26,16.1,25.6,20.85,0,0
20220827,2022-08-27,13.9,25,19.45,11.4,0
20220828,2022-08-28,17.8,28.3,23.05,1,0
20220829,2022-08-29,19.4,27.8,23.6,0,0
20220830,2022-08-30,16.7,25,20.85,0,0
20220831,2022-08-31,15,28.9,21.95,0,0
20220901,2022-09-01,16.1,29.4,22.75,0,0
20220902,2022-09-02,21.7,28.9,25.299999999999997,0,0
20220903,2022-09-03,15,23.3,19.15,6.9,0
20220904,2022-09-04,13.3,21.7,17.5,0,0
20220905,2022-09-05,12.2,22.2,17.2,0,0
20220906,2022-09-06,11.7,25.6,18.65,0,0
20220907,2022-09-07,11.7,28.3,20,0,0
20220908,2022-09-08,15.6,27.8,21.7,0,0
20220909,2022-09-09,16.1,27.8,21.950000000000003,0,0
20220910,2022-09-10,14.4,23.9,19.15,5.6,0
20220911,2022-09-11,12.8,14.4,13.600000000000001,55.4,0
20220912,2022-09-12,11.7,16.1,13.9,19.8,0
20220913,2022-09-13,12.8,24.4,18.6,0,0
20220914,2022-09-14,10,22.8,16.4,0,0
20220915,2022-09-15,11.7,26.7,19.2,0,0
20220916,2022-09-16,15.6,27.2,21.4,0,0
20220917,2022-09-17,18.9,26.1,22.5,0,0
20220918,2022-09-18,18.3,27.2,22.75,0,0
20220919,2022-09-19,14.4,26.7,20.55,0,0
20220920,2022-09-20,17.8,27.2,22.5,5.1,0
20220921,2022-09-21,13.3,25,19.15,0,0
20220922,2022-09-22,7.2,17.8,12.5,0,0
20220923,2022-09-23,5.6,16.7,11.149999999999999,0,0
20220924,2022-09-24,10.6,15.6,13.1,7.6,0
20220925,2022-09-25,12.2,20,16.1,2,0
20220926,2022-09-26,8.3,15.6,11.95,0,0
20220927,2022-09-27,5,13.9,9.45,0,0
20220928,2022-09-28,2.8,14.4,8.6,0,0
20220929,2022-09-29,1.7,17.2,9.45,0,0
20220930,2022-09-30,2.8,20.6,11.700000000000001,0,0
20221001,2022-10-01,3.3,21.7,12.5,0,0
20221002,2022-10-02,8.3,19.4,13.85,0,0
20221003,2022-10-03,4.4,20.6,12.5,0,0
20221004,2022-10-04,5,22.2,13.6,0,0
20221005,2022-10-05,5.6,23.3,14.45,0,0
20221006,2022-10-06,5,17.8,11.4,0,0
20221007,2022-10-07,1.1,11.1,6.1,0,0
20221008,2022-10-08,1.1,14.4,7.75,0,0
20221009,2022-10-09,6.1,19.4,12.75,0,0
20221010,2022-10-10,2.2,20,11.1,0,0
20221011,2022-10-11,7.8,22.2,15,0.5,0
20221012,2022-10-12,6.7,17.2,11.95,7.9,0
20221013,2022-10-13,3.3,8.9,6.1,0.8,0
20221014,2022-10-14,0.6,10,5.3,0,0
20221015,2022-10-15,-0.5,12.2,5.85,0,0
20221016,2022-10-16,2.8,9.4,6.1,0.5,0
20221017,2022-10-17,0,5,2.5,0.5,0
20221018,2022-10-18,-0.5,7.8,3.65,0,0
20221019,2022-10-19,-2.7,7.2,2.25,0,0
20221020,2022-10-20,1.1,16.1,8.600000000000001,0,0
20221021,2022-10-21,1.7,24.4,13.049999999999999,0,0
20221022,2022-10-22,10,25,17.5,0,0
20221023,2022-10-23,13.9,23.9,18.9,1,0
20221024,2022-10-24,16.7,22.2,19.45,2,0
20221025,2022-10-25,5.6,18.3,11.95,8.4,0
20221026,2022-10-26,0,11.7,5.85,0,0
20221027,2022-10-27,-1.6,13.3,5.8500000000000005,0,0
20221028,2022-10-28,0,15,7.5,0,0
20221029,2022-10-29,-0.5,17.2,8.35,0,0
20221030,2022-10-30,3.9,16.1,10,0,0
20221031,2022-10-31,1.7,18.9,10.299999999999999,0,0
20221101,2022-11-01,0.6,21.1,10.850000000000001,0,0
20221102,2022-11-02,3.9,22.2,13.049999999999999,0,0
20221103,2022-11-03,7.8,21.7,14.75,0,0
20221104,2022-11-04,8.3,18.3,13.3,38.1,0
20221105,2022-11-05,6.7,16.7,11.7,15.5,0
20221106,2022-11-06,6.1,14.4,10.25,0,0
20221107,2022-11-07,1.7,9.4,5.55,0,0
20221108,2022-11-08,1.1,12.2,6.6499999999999995,0,0
20221109,2022-11-09,8.9,20.6,14.75,0,0
20221110,2022-11-10,7.8,21.7,14.75,15,0
20221111,2022-11-11,-1,7.8,3.4,0.5,0
20221112,2022-11-12,-1,1.7,0.35,0.8,0
20221113,2022-11-13,-5.5,0.6,-2.45,0,0
20221114,2022-11-14,-6.6,2.8,-1.9,0,0
20221115,2022-11-15,-1,1.1,0.050000000000000044,6.9,0
20221116,2022-11-16,-2.1,1.1,-0.5,0.8,5
20221117,2022-11-17,-3.8,0,-1.9,1.5,3
20221118,2022-11-18,-7.1,-3.2,-5.15,0,5
20221119,2022-11-19,-11,-3.8,-7.4,0,3
20221120,2022-11-20,-12.1,0,-6.05,0,3
20221121,2022-11-21,-6,5,-0.5,0,3
20221122,2022-11-22,-7.7,6.1,-0.8000000000000003,0,3
20221123,2022-11-23,-4.9,11.1,3.0999999999999996,0,0
20221124,2022-11-24,-1,9.4,4.2,0,0
20221125,2022-11-25,-1.6,10.6,4.5,0,0
20221126,2022-11-26,1.7,11.7,6.699999999999999,0,0
20221127,2022-11-27,-4.3,6.7,1.2000000000000002,0,0
20221128,2022-11-28,-7.1,6.7,-0.19999999999999973,0,0
20221129,2022-11-29,-2.7,11.1,4.199999999999999,6.6,0
20221130,2022-11-30,-8.2,-2.7,-5.449999999999999,0,0
20221201,2022-12-01,-9.3,1.1,-4.1000000000000005,0,0
20221202,2022-12-02,-1,9.4,4.2,0,0
20221203,2022-12-03,-7.7,5,-1.35,0,0
20221204,2022-12-04,-6.6,2.2,-2.1999999999999997,0,0
20221205,2022-12-05,0,3.3,1.65,0.3,0
20221206,2022-12-06,-3.8,1.1,-1.3499999999999999,1,0
20221207,2022-12-07,-2.1,0.6,-0.75,0,0
20221208,2022-12-08,-3.2,2.8,-0.20000000000000018,0,0
20221209,2022-12-09,-2.1,1.1,-0.5,11.7,0
20221210,2022-12-10,0.6,2.2,1.4000000000000001,0.3,8
20221211,2022-12-11,0.6,2.2,1.4000000000000001,0,5
20221212,2022-12-12,0,2.8,1.4,0,3
20221213,2022-12-13,1.1,2.2,1.6500000000000001,1.3,3
20221214,2022-12-14,0.6,5.6,3.0999999999999996,26.7,0
20221215,2022-12-15,-2.1,1.1,-0.5,8.4,10
20221216,2022-12-16,-4.9,-2.1,-3.5,0.5,8
20221217,2022-12-17,-7.1,-3.8,-5.449999999999999,0.3,8
20221218,2022-12-18,-14.3,-7.1,-10.7,0,8
20221219,2022-12-19,-17.1,-6,-11.55,0.3,8
20221220,2022-12-20,-15.5,-3.2,-9.35,0.3,8
20221221,2022-12-21,-18.8,-4.3,-11.55,0.5,8
20221222,2022-12-22,-23.8,-2.1,-12.950000000000001,5.8,13
20221223,2022-12-23,-24.3,-19.3,-21.8,0,15
20221224,2022-12-24,-19.3,-11.6,-15.45,0,15
20221225,2022-12-25,-18.2,-10.5,-14.35,0,15
20221226,2022-12-26,-16.6,-8.2,-12.4,0,15
20221227,2022-12-27,-16.6,-4.9,-10.75,0,13
20221228,2022-12-28,-4.9,5,0.04999999999999982,0,13
20221229,2022-12-29,4.4,12.8,8.600000000000001,0,10
20221230,2022-12-30,-6.6,11.7,2.55,0,0
20221231,2022-12-31,-7.1,1.1,-3,2.3,0
20230101,2023-01-01,0.6,5.6,3.0999999999999996,0.8,0
20230102,2023-01-02,-2.1,1.7,-0.20000000000000007,0,0
20230103,2023-01-03,0,3.9,1.95,12.4,0
20230104,2023-01-04,-0.5,2.8,1.15,1,0
20230105,2023-01-05,-1,1.1,0.050000000000000044,0.8,3
20230106,2023-01-06,-8.8,-1,-4.9,0,0
20230107,2023-01-07,-7.7,-2.1,-4.9,0,0
20230108,2023-01-08,-6,-3.2,-4.6,0,0
20230109,2023-01-09,-7.1,4.4,-1.3499999999999996,0,0
20230110,2023-01-10,-4.3,2.8,-0.75,0,0
20230111,2023-01-11,-1.6,7.8,3.0999999999999996,0,0
20230112,2023-01-12,-0.5,2.8,1.15,0,0
20230113,2023-01-13,-4.9,-0.5,-2.7,0.3,0
20230114,2023-01-14,-5.5,-1,-3.25,0,0
20230115,2023-01-15,-3.8,5.6,0.8999999999999999,0,0
20230116,2023-01-16,2.2,7.8,5,7.9,0
20230117,2023-01-17,1.7,6.1,3.9,0.3,0
20230118,2023-01-18,0,2.8,1.4,2,0
20230119,2023-01-19,0,2.2,1.1,5.8,5
20230120,2023-01-20,-3.2,0,-1.6,0,3
20230121,2023-01-21,-5.5,-2.7,-4.1,0,3
20230122,2023-01-22,-7.7,-3.2,-5.45,1,5
20230123,2023-01-23,-7.7,-1.6,-4.65,0,3
20230124,2023-01-24,-3.2,0.6,-1.3,0,3
20230125,2023-01-25,-1.6,0,-0.8,3,3
20230126,2023-01-26,-12.1,-1,-6.55,1.3,5
20230127,2023-01-27,-12.7,1.7,-5.5,0.8,10
20230128,2023-01-28,-11,-8.2,-9.6,8.6,8
20230129,2023-01-29,-13.8,-8.2,-11,0.3,23
20230130,2023-01-30,-19.9,-12.7,-16.299999999999997,0,20
20230131,2023-01-31,-23.8,-12.7,-18.25,0,18
20230201,2023-02-01,-19.9,-4.3,-12.1,0,15
20230202,2023-02-02,-16.6,-2.7,-9.65,0,13
20230203,2023-02-03,-22.1,-14.3,-18.200000000000003,0,13
20230204,2023-02-04,-14.9,0.6,-7.15,0,13
20230205,2023-02-05,-8.8,2.2,-3.3000000000000003,0,13
20230206,2023-02-06,-13.2,5.6,-3.8,0.5,10
20230207,2023-02-07,-1.6,6.1,2.25,0,8
20230208,2023-02-08,-4.9,7.2,1.15,0,3
20230209,2023-02-09,0.6,3.3,1.95,16,0
20230210,2023-02-10,-6.6,1.7,-2.4499999999999997,0,8
20230211,2023-02-11,-7.7,5.6,-1.0500000000000003,0,8
20230212,2023-02-12,-6,7.2,0.6000000000000001,0,8
20230213,2023-02-13,-2.1,7.2,2.55,0,5
20230214,2023-02-14,-2.1,8.9,3.4000000000000004,2.3,5
20230215,2023-02-15,0,8.9,4.45,0,0
20230216,2023-02-16,-6.6,0,-3.3,4.1,0
20230217,2023-02-17,-11,-4.3,-7.65,0,8
20230218,2023-02-18,-7.7,3.3,-2.2,0,5
20230219,2023-02-19,-1.6,7.2,2.8,0,3
20230220,2023-02-20,-6.6,5.6,-0.5,0,0
20230221,2023-02-21,-8.8,1.1,-3.8500000000000005,0.8,0
20230222,2023-02-22,-3.2,-1,-2.1,10.7,0
20230223,2023-02-23,-7.1,-0.5,-3.8,1.3,3
20230224,2023-02-24,-12.1,-5.5,-8.8,0.8,3
20230225,2023-02-25,-6.6,0.6,-3,0.3,5
20230226,2023-02-26,-7.7,4.4,-1.65,0,5
20230227,2023-02-27,0,3.3,1.65,39.6,0
20230228,2023-02-28,-0.5,6.7,3.1,0,0
20230301,2023-03-01,1.1,11.1,6.1,0,0
20230302,2023-03-02,-2.7,2.2,-0.25,0,0
20230303,2023-03-03,-2.7,4.4,0.8500000000000001,0,0
20230304,2023-03-04,-3.2,7.2,2,0.3,0
20230305,2023-03-05,-5.5,8.9,1.7000000000000002,8.6,0
20230306,2023-03-06,0.6,5,2.8,3.6,0
20230307,2023-03-07,-1,7.8,3.4,0,0
20230308,2023-03-08,-1.6,7.2,2.8,0,0
20230309,2023-03-09,-1,3.3,1.15,9.1,0
20230310,2023-03-10,-2.1,1.1,-0.5,3,15
20230311,2023-03-11,-3.8,1.1,-1.3499999999999999,2.8,8
20230312,2023-03-12,-3.2,3.3,0.04999999999999982,2.5,13
20230313,2023-03-13,-6,-1.6,-3.8,0,8
20230314,2023-03-14,-12.7,0.6,-6.05,0,8
20230315,2023-03-15,-6,8.3,1.1500000000000004,0,5
20230316,2023-03-16,0.6,7.2,3.9,8.1,0
20230317,2023-03-17,-11,0.6,-5.2,0.5,0
20230318,2023-03-18,-12.7,-3.8,-8.25,0,0
20230319,2023-03-19,-8.8,3.9,-2.45,0,0
20230320,2023-03-20,-1,9.4,4.2,0,0
20230321,2023-03-21,-0.5,12.2,5.85,0,0
20230322,2023-03-22,2.2,9.4,5.800000000000001,0,0
20230323,2023-03-23,-1,6.7,2.85,4.3,3
20230324,2023-03-24,-4.3,8.3,2.0000000000000004,0,0
20230325,2023-03-25,-4.3,7.8,1.75,19.3,18
20230326,2023-03-26,-7.7,5,-1.35,0,15
20230327,2023-03-27,-6.6,5,-0.7999999999999998,0,10
20230328,2023-03-28,-4.3,7.2,1.4500000000000002,0,5
20230329,2023-03-29,-6,2.8,-1.6,0,0
20230330,2023-03-30,-7.7,5.6,-1.0500000000000003,0,0
20230331,2023-03-31,5,17.8,11.4,30,0
20230401,2023-04-01,-2.1,6.1,1.9999999999999998,0.5,0
20230402,2023-04-02,-2.1,12.8,5.3500000000000005,0,0
20230403,2023-04-03,1.1,13.3,7.2,4.3,0
20230404,2023-04-04,5.6,12.2,8.899999999999999,3,0
20230405,2023-04-05,0,13.3,6.65,5.8,0
20230406,2023-04-06,-2.1,10,3.95,0,0
20230407,2023-04-07,-2.7,12.2,4.75,0,0
20230408,2023-04-08,0.6,17.8,9.200000000000001,0,0
20230409,2023-04-09,2.2,20,11.1,0,0
20230410,2023-04-10,10,22.8,16.4,0,0
20230411,2023-04-11,10.6,24.4,17.5,0,0
20230412,2023-04-12,15.6,28.3,21.95,0,0
20230413,2023-04-13,13.9,27.8,20.85,0,0
20230414,2023-04-14,13.3,27.8,20.55,0,0
20230415,2023-04-15,11.7,27.8,19.75,8.4,0
20230416,2023-04-16,-1,11.7,5.35,14.2,0
20230417,2023-04-17,-1.6,2.8,0.5999999999999999,2.5,3
20230418,2023-04-18,-0.5,11.7,5.6,0,0
20230419,2023-04-19,1.1,7.2,4.15,3.3,0
20230420,2023-04-20,4.4,21.7,13.05,2.5,0
20230421,2023-04-21,3.9,11.7,7.8,0,0
20230422,2023-04-22,0,6.7,3.35,1.8,0
20230423,2023-04-23,-0.5,6.1,2.8,0,0
20230424,2023-04-24,-2.7,10,3.65,2.3,0
20230425,2023-04-25,0,8.3,4.15,0,0
20230426,2023-04-26,-3.2,12.2,4.5,0,0
20230427,2023-04-27,3.3,18.9,11.1,0,0
20230428,2023-04-28,1.7,20,10.85,0,0
20230429,2023-04-29,4.4,11.7,8.05,7.1,0
20230430,2023-04-30,2.2,5.6,3.9,3.6,0
20230501,2023-05-01,2.8,10.6,6.699999999999999,2.8,0
20230502,2023-05-02,3.3,12.8,8.05,0,0
20230503,2023-05-03,1.1,16.1,8.600000000000001,0,0
20230504,2023-05-04,3.9,23.3,13.6,0,0
20230505,2023-05-05,13.3,23.9,18.6,0.3,0
20230506,2023-05-06,13.3,20,16.65,0.8,0
20230507,2023-05-07,10.6,28.3,19.45,0,0
20230508,2023-05-08,10.6,14.4,12.5,13.5,0
20230509,2023-05-09,11.1,21.1,16.1,0,0
20230510,2023-05-10,8.3,24.4,16.35,0,0
20230511,2023-05-11,9.4,27.2,18.3,0,0
20230512,2023-05-12,15.6,23.9,19.75,0.3,0
20230513,2023-05-13,13.9,22.2,18.05,0,0
20230514,2023-05-14,7.2,16.1,11.65,2.8,0
20230515,2023-05-15,3.9,21.1,12.5,0,0
20230516,2023-05-16,8.3,26.1,17.200000000000003,0,0
20230517,2023-05-17,3.9,18.3,11.1,0,0
20230518,2023-05-18,3.9,23.3,13.6,0,0
20230519,2023-05-19,9.4,18.9,14.149999999999999,1.8,0
20230520,2023-05-20,6.7,23.3,15,0,0
20230521,2023-05-21,7.8,26.1,16.95,0,0
20230522,2023-05-22,9.4,26.7,18.05,0,0
20230523,2023-05-23,8.9,28.3,18.6,0,0
20230524,2023-05-24,10,22.2,16.1,0,0
20230525,2023-05-25,5,20,12.5,0,0
20230526,2023-05-26,2.8,23.3,13.05,0,0
20230527,2023-05-27,4.4,26.1,15.25,0,0
20230528,2023-05-28,7.8,27.2,17.5,0,0
20230529,2023-05-29,8.3,28.3,18.3,0,0
20230530,2023-05-30,10.6,31.1,20.85,0,0
20230531,2023-05-31,14.4,32.8,23.599999999999998,0,0
20230601,2023-06-01,16.1,31.7,23.9,16.5,0
20230602,2023-06-02,16.7,31.7,24.2,0,0
20230603,2023-06-03,14.4,32.8,23.599999999999998,0,0
20230604,2023-06-04,12.8,28.9,20.85,0,0
20230605,2023-06-05,10.6,30,20.3,0,0
20230606,2023-06-06,15.6,24.4,20,1.8,0
20230607,2023-06-07,10,24.4,17.2,0,0
20230608,2023-06-08,7.8,24.4,16.099999999999998,0,0
20230609,2023-06-09,7.2,27.2,17.2,0,0
20230610,2023-06-10,16.7,28.3,22.5,0,0
20230611,2023-06-11,7.2,16.7,11.95,3,0
20230612,2023-06-12,3.3,21.7,12.5,0,0
20230613,2023-06-13,11.7,20,15.85,2.3,0
20230614,2023-06-14,13.3,27.8,20.55,0,0
20230615,2023-06-15,8.9,23.3,16.1,0,0
20230616,2023-06-16,8.3,23.3,15.8,0,0
20230617,2023-06-17,8.9,27.2,18.05,0,0
20230618,2023-06-18,13.3,29.4,21.35,0,0
20230619,2023-06-19,15,30.6,22.8,0,0
20230620,2023-06-20,12.8,30,21.4,0,0
20230621,2023-06-21,13.9,31.7,22.8,0,0
20230622,2023-06-22,14.4,31.7,23.05,0,0
20230623,2023-06-23,12.2,32.2,22.200000000000003,0,0
20230624,2023-06-24,16.1,33.3,24.7,5.3,0
20230625,2023-06-25,19.4,26.7,23.049999999999997,0,0
20230626,2023-06-26,17.2,23.9,20.549999999999997,0,0
20230627,2023-06-27,15,28.3,21.65,0,0
20230628,2023-06-28,16.7,29.4,23.049999999999997,0,0
20230629,2023-06-29,20,32.2,26.1,0,0
20230630,2023-06-30,17.2,31.1,24.15,0,0
20230701,2023-07-01,19.4,27.8,23.6,1.3,0
20230702,2023-07-02,20,31.1,25.55,0,0
20230703,2023-07-03,16.1,33.3,24.7,0,0
20230704,2023-07-04,18.9,32.8,25.849999999999998,6.9,0
20230705,2023-07-05,18.9,31.1,25,11.7,0
20230706,2023-07-06,14.4,26.7,20.55,0,0
20230707,2023-07-07,11.7,25.6,18.65,0,0
20230708,2023-07-08,16.7,28.3,22.5,0,0
20230709,2023-07-09,12.2,28.9,20.549999999999997,0,0
20230710,2023-07-10,19.4,30.6,25,0,0
20230711,2023-07-11,16.7,27.8,22.25,0.8,0
20230712,2023-07-12,14.4,21.7,18.05,42.7,0
20230713,2023-07-13,14.4,27.2,20.8,9.9,0
20230714,2023-07-14,18.3,31.1,24.700000000000003,15,0
20230715,2023-07-15,17.2,28.3,22.75,0,0
20230716,2023-07-16,16.1,26.7,21.4,0,0
20230717,2023-07-17,13.3,25,19.15,0,0
20230718,2023-07-18,11.1,26.7,18.9,0,0
20230719,2023-07-19,13.3,27.8,20.55,0,0
20230720,2023-07-20,16.7,26.7,21.7,0,0
20230721,2023-07-21,12.8,27.8,20.3,0,0
20230722,2023-07-22,15,28.9,21.95,23.1,0
20230723,2023-07-23,15,28.3,21.65,0,0
20230724,2023-07-24,15.6,30,22.8,0,0
20230725,2023-07-25,18.3,31.1,24.700000000000003,0,0
20230726,2023-07-26,20.6,30,25.3,6.6,0
20230727,2023-07-27,18.3,32.2,25.25,0.8,0
20230728,2023-07-28,19.4,32.8,26.099999999999998,39.1,0
20230729,2023-07-29,18.3,28.3,23.3,0,0
20230730,2023-07-30,15,26.7,20.85,0,0
20230731,2023-07-31,14.4,27.8,21.1,0,0
20230801,2023-08-01,13.9,29.4,21.65,0,0
20230802,2023-08-02,19.4,28.3,23.85,0,0
20230803,2023-08-03,17.2,30.6,23.9,0,0
20230804,2023-08-04,18.9,28.9,23.9,0,0
20230805,2023-08-05,16.7,28.9,22.799999999999997,0,0
20230806,2023-08-06,15.6,26.1,20.85,0,0
20230807,2023-08-07,17.2,27.2,22.2,0,0
20230808,2023-08-08,16.7,30,23.35,0,0
20230809,2023-08-09,14.4,27.2,20.8,0,0
20230810,2023-08-10,16.7,28.3,22.5,0,0
20230811,2023-08-11,17.2,28.9,23.049999999999997,5.3,0
20230812,2023-08-12,16.7,28.3,22.5,0,0
20230813,2023-08-13,13.9,21.1,17.5,0.5,0
20230814,2023-08-14,15.6,22.2,18.9,50.5,0
20230815,2023-08-15,13.9,25,19.45,0,0
20230816,2023-08-16,13.3,26.7,20,0,0
20230817,2023-08-17,13.3,22.2,17.75,5.1,0
20230818,2023-08-18,10.6,23.9,17.25,0,0
20230819,2023-08-19,17.2,28.9,23.049999999999997,0,0
20230820,2023-08-20,20,32.8,26.4,0,0
20230821,2023-08-21,16.7,28.3,22.5,0,0
20230822,2023-08-22,16.1,31.1,23.6,0,0
20230823,2023-08-23,25.6,35.6,30.6,0,0
20230824,2023-08-24,23.3,35,29.15,0,0
20230825,2023-08-25,21.1,28.3,24.700000000000003,0,0
20230826,2023-08-26,13.3,22.2,17.75,0,0
20230827,2023-08-27,12.8,25,18.9,0,0
20230828,2023-08-28,10.6,26.7,18.65,0,0
20230829,2023-08-29,14.4,27.2,20.8,0,0
20230830,2023-08-30,8.9,22.2,15.55,0,0
20230831,2023-08-31,6.7,25.6,16.150000000000002,0,0
20230901,2023-09-01,10,27.8,18.9,0,0
20230902,2023-09-02,18.9,31.7,25.299999999999997,0,0
20230903,2023-09-03,21.1,34.4,27.75,0,0
20230904,2023-09-04,20,33.3,26.65,0,0
20230905,2023-09-05,23.3,30.6,26.950000000000003,0,0
20230906,2023-09-06,18.3,27.8,23.05,0.5,0
20230907,2023-09-07,14.4,20,17.2,0,0
20230908,2023-09-08,10.6,19.4,15,0.5,0
20230909,2023-09-09,7.8,25,16.4,0,0
20230910,2023-09-10,13.9,26.1,20,0,0
20230911,2023-09-11,12.8,19.4,16.1,8.1,0
20230912,2023-09-12,9.4,21.1,15.25,5.1,0
20230913,2023-09-13,8.3,18.9,13.6,0,0
20230914,2023-09-14,5.6,22.2,13.899999999999999,0,0
20230915,2023-09-15,10,25,17.5,0,0
20230916,2023-09-16,12.2,21.7,16.95,1,0
20230917,2023-09-17,9.4,22.8,16.1,0.3,0
20230918,2023-09-18,7.2,22.2,14.7,0.3,0
20230919,2023-09-19,13.3,21.1,17.200000000000003,9.1,0
20230920,2023-09-20,13.3,25.6,19.450000000000003,0,0
20230921,2023-09-21,16.7,26.1,21.4,1,0
20230922,2023-09-22,16.7,25,20.85,0,0
20230923,2023-09-23,15.6,26.7,21.15,0,0
20230924,2023-09-24,15.6,25,20.3,1.8,0
20230925,2023-09-25,16.7,24.4,20.549999999999997,21.1,0
20230926,2023-09-26,16.1,20,18.05,21.1,0
20230927,2023-09-27,16.7,20.6,18.65,4.3,0
20230928,2023-09-28,13.3,20,16.65,0,0
20230929,2023-09-29,9.4,23.9,16.65,0,0
20230930,2023-09-30,15.6,28.9,22.25,0,0
20231001,2023-10-01,15.6,29.4,22.5,0,0
20231002,2023-10-02,14.4,28.3,21.35,0,0
20231003,2023-10-03,13.3,28.9,21.1,0,0
20231004,2023-10-04,16.1,26.1,21.1,0,0
20231005,2023-10-05,11.1,22.8,16.95,0,0
20231006,2023-10-06,6.1,12.2,9.149999999999999,0,0
20231007,2023-10-07,2.8,13.3,8.05,0,0
20231008,2023-10-08,3.9,11.7,7.8,0,0
20231009,2023-10-09,1.1,13.3,7.2,0,0
20231010,2023-10-10,5,15.6,10.3,0,0
20231011,2023-10-11,0.6,17.8,9.200000000000001,0,0
20231012,2023-10-12,8.3,10,9.15,11.9,0
20231013,2023-10-13,8.9,11.1,10,21.1,0
20231014,2023-10-14,6.7,12.8,9.75,12.4,0
20231015,2023-10-15,5,14.4,9.7,0,0
20231016,2023-10-16,1.1,13.3,7.2,0,0
20231017,2023-10-17,-1.6,16.7,7.55,0,0
20231018,2023-10-18,8.3,17.8,13.05,0,0
20231019,2023-10-19,7.2,15.6,11.4,1.5,0
20231020,2023-10-20,4.4,16.1,10.25,0,0
20231021,2023-10-21,3.9,12.2,8.049999999999999,0,0
20231022,2023-10-22,1.7,12.8,7.25,0,0
20231023,2023-10-23,2.2,16.1,9.15,5.3,0
20231024,2023-10-24,13.3,25.6,19.450000000000003,0,0
20231025,2023-10-25,14.4,19.4,16.9,2.8,0
20231026,2023-10-26,15.6,18.3,16.95,13.2,0
20231027,2023-10-27,3.3,20.6,11.950000000000001,0.3,0
20231028,2023-10-28,1.7,5,3.35,0,0
20231029,2023-10-29,-0.5,3.3,1.4,0,0
20231030,2023-10-30,-3.2,2.8,-0.20000000000000018,0,0
20231031,2023-10-31,-2.7,2.2,-0.25,0,0
20231101,2023-11-01,-6.6,3.3,-1.65,0,0
20231102,2023-11-02,-0.5,11.1,5.3,0,0
20231103,2023-11-03,2.2,10.6,6.4,0,0
20231104,2023-11-04,-0.5,11.7,5.6,0,0
20231105,2023-11-05,-1,13.9,6.45,0,0
20231106,2023-11-06,8.9,19.4,14.149999999999999,0,0
20231107,2023-11-07,2.2,10,6.1,0,0
20231108,2023-11-08,5,8.3,6.65,10.9,0
20231109,2023-11-09,1.7,11.1,6.3999999999999995,0,0
20231110,2023-11-10,-3.8,7.2,1.7000000000000002,0,0
20231111,2023-11-11,-6,6.7,0.3500000000000001,0,0
20231112,2023-11-12,5,12.8,8.9,0,0
20231113,2023-11-13,-2.1,15,6.45,0,0
20231114,2023-11-14,-3.2,14.4,5.6,0,0
20231115,2023-11-15,1.1,17.8,9.450000000000001,0,0
20231116,2023-11-16,2.2,17.8,10,0,0
20231117,2023-11-17,-4.3,13.9,4.800000000000001,0,0
20231118,2023-11-18,-4.3,12.8,4.25,0,0
20231119,2023-11-19,-4.3,11.7,3.6999999999999997,0,0
20231120,2023-11-20,1.1,7.8,4.45,1,0
20231121,2023-11-21,0,7.2,3.6,9.4,0
20231122,2023-11-22,-1,5.6,2.3,0,0
20231123,2023-11-23,-4.9,5,0.04999999999999982,0,0
20231124,2023-11-24,-8.2,-0.5,-4.35,0,0
20231125,2023-11-25,-6.6,0,-3.3,0,0
20231126,2023-11-26,-3.2,0,-1.6,5.1,3
20231127,2023-11-27,-9.9,-3.2,-6.550000000000001,0,5
20231128,2023-11-28,-12.7,-4.9,-8.8,0,3
20231129,2023-11-29,-6.6,6.7,0.050000000000000266,0,3
20231130,2023-11-30,-3.8,8.3,2.2500000000000004,0,3
20231201,2023-12-01,-3.2,1.7,-0.7500000000000001,0.8,0
20231202,2023-12-02,-1,2.8,0.8999999999999999,0,3
20231203,2023-12-03,0,1.7,0.85,6.1,3
20231204,2023-12-04,0,2.2,1.1,0,0
20231205,2023-12-05,-0.5,2.2,0.8500000000000001,1,0
20231206,2023-12-06,-1,3.3,1.15,0,0
20231207,2023-12-07,-0.5,9.4,4.45,0,0
20231208,2023-12-08,2.8,12.8,7.800000000000001,0,0
20231209,2023-12-09,0,6.7,3.35,6.9,0
20231210,2023-12-10,-4.3,0,-2.15,0,0
20231211,2023-12-11,-5.5,0.6,-2.45,0,0
20231212,2023-12-12,-6,1.1,-2.45,0,0
20231213,2023-12-13,-9.9,5,-2.45,0,0
20231214,2023-12-14,-1,10.6,4.8,0,0
20231215,2023-12-15,-0.5,8.9,4.2,0,0
20231216,2023-12-16,1.1,7.2,4.15,3.3,0
20231217,2023-12-17,0,5,2.5,0,0
20231218,2023-12-18,-9.9,0.6,-4.65,0,0
20231219,2023-12-19,-11.6,0,-5.8,0,0
20231220,2023-12-20,-5.5,5,-0.25,0,0
20231221,2023-12-21,-2.7,3.9,0.5999999999999999,0,0
20231222,2023-12-22,3.3,7.8,5.55,0,0
20231223,2023-12-23,4.4,7.2,5.800000000000001,0,0
20231224,2023-12-24,6.1,11.1,8.6,0,0
20231225,2023-12-25,8.9,12.2,10.55,9.4,0
20231226,2023-12-26,0,10.6,5.3,1.5,0
20231227,2023-12-27,-1.6,4.4,1.4000000000000001,0,0
20231228,2023-12-28,-1.6,1.1,-0.25,11.7,0
20231229,2023-12-29,-4.9,3.3,-0.8000000000000003,0,3
20231230,2023-12-30,-7.1,2.8,-2.15,0.3,0
20231231,2023-12-31,-2.1,-0.5,-1.3,1.3,0
20240101,2024-01-01,-4.3,-2.1,-3.2,0,3
20240102,2024-01-02,-4.9,-0.5,-2.7,0,3
20240103,2024-01-03,-2.7,1.1,-0.8,0,3
20240104,2024-01-04,-6.6,-0.5,-3.55,0,0
20240105,2024-01-05,-7.7,1.7,-3,0,0
20240106,2024-01-06,-1.6,1.1,-0.25,2.3,3
20240107,2024-01-07,-1.6,0.6,-0.5,0,5
20240108,2024-01-08,-3.2,0.6,-1.3,0,5
20240109,2024-01-09,-1,0.6,-0.2,11.7,5
20240110,2024-01-10,-3.8,0,-1.9,1.5,15
20240111,2024-01-11,-4.3,-0.5,-2.4,3,18
20240112,2024-01-12,-3.8,0,-1.9,13.5,18
20240113,2024-01-13,-17.7,-3.2,-10.45,2.8,30
20240114,2024-01-14,-22.7,-17.7,-20.2,0,30
20240115,2024-01-15,-23.8,-16,-19.9,0,28
20240116,2024-01-16,-22.7,-16.6,-19.65,0,25
20240117,2024-01-17,-18.2,-10.5,-14.35,0,25
20240118,2024-01-18,-18.2,-10.5,-14.35,1,25
20240119,2024-01-19,-17.1,-12.7,-14.9,0.3,25
20240120,2024-01-20,-18.8,-9.9,-14.350000000000001,0,25
20240121,2024-01-21,-19.9,-6.6,-13.25,0,25
20240122,2024-01-22,-6.6,0,-3.3,0,25
20240123,2024-01-23,-1,0.6,-0.2,5.1,25
20240124,2024-01-24,0,2.2,1.1,0,28
20240125,2024-01-25,0,2.2,1.1,1.3,23
20240126,2024-01-26,0.6,2.2,1.4000000000000001,7.9,18
20240127,2024-01-27,0.6,3.3,1.95,0,13
20240128,2024-01-28,-1,1.7,0.35,0,13
20240129,2024-01-29,-2.1,2.8,0.34999999999999987,0,10
20240130,2024-01-30,1.7,4.4,3.0500000000000003,0.3,8
20240131,2024-01-31,0.6,4.4,2.5,0,8
20240201,2024-02-01,-3.2,6.7,1.75,0,5
20240202,2024-02-02,-3.2,1.7,-0.7500000000000001,0,3
20240203,2024-02-03,-2.1,6.7,2.3,0,3
20240204,2024-02-04,-4.3,5.6,0.6499999999999999,0,0
20240205,2024-02-05,-6.6,1.1,-2.75,0,0
20240206,2024-02-06,-6,5,-0.5,0,0
20240207,2024-02-07,-1,6.1,2.55,0,0
20240208,2024-02-08,2.8,12.8,7.800000000000001,1.8,0
20240209,2024-02-09,1.7,5,3.35,0,0
20240210,2024-02-10,-3.8,4.4,0.30000000000000027,0,0
20240211,2024-02-11,-6,2.2,-1.9,0,0
20240212,2024-02-12,-6.6,8.3,0.8500000000000005,0,0
20240213,2024-02-13,-4.3,3.9,-0.19999999999999996,0,0
20240214,2024-02-14,-6.6,7.8,0.6000000000000001,0,0
20240215,2024-02-15,-4.3,3.9,-0.19999999999999996,13.7,5
20240216,2024-02-16,-11.6,-1.6,-6.6,0,3
20240217,2024-02-17,-12.7,-1,-6.85,0,0
20240218,2024-02-18,-5.5,6.1,0.2999999999999998,0,0
20240219,2024-02-19,-8.2,7.2,-0.49999999999999956,0,0
20240220,2024-02-20,-5.5,12.8,3.6500000000000004,0,0
20240221,2024-02-21,3.3,15.6,9.45,0,0
20240222,2024-02-22,-2.1,15,6.45,0,0
20240223,2024-02-23,-7.7,5.6,-1.0500000000000003,0.8,0
20240224,2024-02-24,-12.7,0.6,-6.05,0,0
20240225,2024-02-25,-1,13.9,6.45,0,0
20240226,2024-02-26,-3.8,19.4,7.799999999999999,0,0
20240227,2024-02-27,1.1,21.1,11.100000000000001,0.3,0
20240228,2024-02-28,-11.6,1.1,-5.25,0,0
20240229,2024-02-29,-11.6,7.2,-2.1999999999999997,0,0
20240301,2024-03-01,-1,8.9,3.95,0,0
20240302,2024-03-02,-1,15.6,7.3,0,0
20240303,2024-03-03,6.1,22.8,14.45,0,0
20240304,2024-03-04,0,13.9,6.95,16.5,0
20240305,2024-03-05,-0.5,9.4,4.45,0.3,0
20240306,2024-03-06,-2.1,11.1,4.5,0,0
20240307,2024-03-07,-0.5,12.2,5.85,0,0
20240308,2024-03-08,3.3,6.7,5,14.2,0
20240309,2024-03-09,-2.1,3.9,0.8999999999999999,0,0
20240310,2024-03-10,-2.7,8.3,2.8000000000000003,0,0
20240311,2024-03-11,-2.1,17.2,7.55,0,0
20240312,2024-03-12,3.3,20,11.65,0,0
20240313,2024-03-13,-0.5,19.4,9.45,0.8,0
20240314,2024-03-14,2.8,9.4,6.1,25.1,0
20240315,2024-03-15,-1.6,12.8,5.6000000000000005,0,0
20240316,2024-03-16,2.2,11.7,6.949999999999999,0,0
20240317,2024-03-17,-3.8,2.8,-0.5,0,0
20240318,2024-03-18,-5.5,2.2,-1.65,0,0
20240319,2024-03-19,-1,13.3,6.15,0,0
20240320,2024-03-20,-4.9,3.9,-0.5000000000000002,0,0
20240321,2024-03-21,-6.6,2.2,-2.1999999999999997,2.5,0
20240322,2024-03-22,-2.1,1.1,-0.5,5.3,8
20240323,2024-03-23,-8.2,2.2,-2.9999999999999996,0,3
20240324,2024-03-24,-2.7,3.9,0.5999999999999999,0.3,0
20240325,2024-03-25,3.3,12.8,8.05,16.5,0
20240326,2024-03-26,-2.7,11.7,4.5,9.9,0
20240327,2024-03-27,-3.8,3.9,0.050000000000000044,0,0
20240328,2024-03-28,-3.8,7.2,1.7000000000000002,0,0
20240329,2024-03-29,-5.5,11.1,2.8,1.3,0
20240330,2024-03-30,2.2,11.1,6.65,6.6,0
20240331,2024-03-31,0.6,8.3,4.45,0,0
20240401,2024-04-01,0.6,8.9,4.75,13,0
20240402,2024-04-02,0,3.9,1.95,33.3,0
20240403,2024-04-03,0.6,1.7,1.15,6.1,10
20240404,2024-04-04,0.6,6.7,3.65,0.3,8
20240405,2024-04-05,-1,10,4.5,0,0
20240406,2024-04-06,-2.7,12.2,4.75,0,0
20240407,2024-04-07,1.7,7.2,4.45,5.8,0
20240408,2024-04-08,6.1,16.7,11.399999999999999,0,0
20240409,2024-04-09,3.3,16.7,10,0,0
20240410,2024-04-10,5,20.6,12.8,0,0
20240411,2024-04-11,5.6,16.1,10.850000000000001,0,0
20240412,2024-04-12,7.8,16.1,11.950000000000001,0,0
20240413,2024-04-13,1.7,21.1,11.4,0,0
20240414,2024-04-14,11.7,27.8,19.75,0,0
20240415,2024-04-15,4.4,23.9,14.149999999999999,0,0
20240416,2024-04-16,7.2,20,13.6,20.6,0
20240417,2024-04-17,8.3,16.7,12.5,2.3,0
20240418,2024-04-18,4.4,10,7.2,1.3,0
20240419,2024-04-19,1.7,11.1,6.3999999999999995,0,0
20240420,2024-04-20,-0.5,4.4,1.9500000000000002,0,0
20240421,2024-04-21,-2.1,14.4,6.15,0,0
20240422,2024-04-22,0,17.8,8.9,0,0
20240423,2024-04-23,7.2,21.1,14.15,0,0
20240424,2024-04-24,1.7,12.2,6.949999999999999,0,0
20240425,2024-04-25,-0.5,15.6,7.55,0,0
20240426,2024-04-26,3.9,15.6,9.75,4.1,0
20240427,2024-04-27,13.3,26.7,20,1,0
20240428,2024-04-28,8.3,16.7,12.5,6.1,0
20240429,2024-04-29,9.4,19.4,14.399999999999999,0,0
20240430,2024-04-30,7.2,21.1,14.15,0,0
20240501,2024-05-01,13.9,22.8,18.35,0,0
20240502,2024-05-02,13.3,22.8,18.05,1.3,0
20240503,2024-05-03,8.9,23.3,16.1,0,0
20240504,2024-05-04,6.7,24.4,15.549999999999999,0,0
20240505,2024-05-05,5.6,20,12.8,0,0
20240506,2024-05-06,5.6,22.8,14.2,0,0
20240507,2024-05-07,10,19.4,14.7,17,0
20240508,2024-05-08,7.2,25,16.1,0,0
20240509,2024-05-09,10,17.2,13.6,4.1,0
20240510,2024-05-10,7.2,21.1,14.15,0,0
20240511,2024-05-11,8.9,20.6,14.75,0,0
20240512,2024-05-12,7.8,28.3,18.05,2.3,0
20240513,2024-05-13,13.3,21.1,17.200000000000003,0.3,0
20240514,2024-05-14,10,18.3,14.15,0,0
20240515,2024-05-15,7.2,23.3,15.25,0,0
20240516,2024-05-16,10,25,17.5,0,0
20240517,2024-05-17,8.9,26.7,17.8,0,0
20240518,2024-05-18,12.8,30.6,21.700000000000003,0,0
20240519,2024-05-19,14.4,26.7,20.55,0,0
20240520,2024-05-20,12.8,20.6,16.700000000000003,9.1,0
20240521,2024-05-21,13.3,30,21.65,22.4,0
20240522,2024-05-22,12.8,22.2,17.5,0,0
20240523,2024-05-23,9.4,26.1,17.75,0,0
20240524,2024-05-24,11.7,22.8,17.25,57.2,0
20240525,2024-05-25,8.9,23.9,16.4,0,0
20240526,2024-05-26,12.8,18.9,15.85,14.5,0
20240527,2024-05-27,12.2,22.2,17.2,6.1,0
20240528,2024-05-28,10,20,15,5.8,0
20240529,2024-05-29,10,21.1,15.55,0,0
20240530,2024-05-30,7.2,22.8,15,0,0
20240531,2024-05-31,9.4,26.7,18.05,0,0
20240601,2024-06-01,12.2,20,16.1,15.2,0
20240602,2024-06-02,12.2,25,18.6,0,0
20240603,2024-06-03,16.7,25.6,21.15,25.7,0
20240604,2024-06-04,18.3,28.3,23.3,8.4,0
20240605,2024-06-05,16.7,26.7,21.7,6.6,0
20240606,2024-06-06,15,22.8,18.9,0,0
20240607,2024-06-07,12.8,24.4,18.6,0,0
20240608,2024-06-08,11.7,20.6,16.15,1,0
20240609,2024-06-09,11.7,25,18.35,0,0
20240610,2024-06-10,9.4,23.3,16.35,0,0
20240611,2024-06-11,8.9,23.3,16.1,0,0
20240612,2024-06-12,13.9,30.6,22.25,1.5,0
20240613,2024-06-13,16.1,28.3,22.200000000000003,2.5,0
20240614,2024-06-14,12.8,26.7,19.75,0,0
20240615,2024-06-15,12.2,26.7,19.45,0,0
20240616,2024-06-16,18.3,32.2,25.25,15.7,0
20240617,2024-06-17,22.8,33.3,28.049999999999997,0,0
20240618,2024-06-18,23.3,33.3,28.299999999999997,0,0
20240619,2024-06-19,20.6,30.6,25.6,30.2,0
20240620,2024-06-20,19.4,25.6,22.5,10.7,0
20240621,2024-06-21,19.4,29.4,24.4,14.5,0
20240622,2024-06-22,20.6,27.2,23.9,48.3,0
20240623,2024-06-23,18.3,25.6,21.950000000000003,0,0
20240624,2024-06-24,16.1,29.4,22.75,5.8,0
20240625,2024-06-25,23.3,32.2,27.75,0,0
20240626,2024-06-26,17.8,28.9,23.35,0,0
20240627,2024-06-27,12.8,23.9,18.35,0,0
20240628,2024-06-28,16.1,23.3,19.700000000000003,37.8,0
20240629,2024-06-29,16.1,28.9,22.5,0,0
20240630,2024-06-30,11.7,22.8,17.25,0,0
20240701,2024-07-01,11.1,23.9,17.5,0,0
20240702,2024-07-02,15.6,22.2,18.9,63.2,0
20240703,2024-07-03,19.4,30,24.7,0,0
20240704,2024-07-04,18.9,27.8,23.35,6.4,0
20240705,2024-07-05,17.2,25,21.1,1.3,0
20240706,2024-07-06,16.1,27.2,21.65,0,0
20240707,2024-07-07,16.1,28.3,22.200000000000003,0.5,0
20240708,2024-07-08,20.6,28.3,24.450000000000003,0,0
20240709,2024-07-09,18.3,28.3,23.3,0,0
20240710,2024-07-10,19.4,28.3,23.85,0,0
20240711,2024-07-11,17.8,28.9,23.35,0,0
20240712,2024-07-12,16.7,29.4,23.049999999999997,0,0
20240713,2024-07-13,16.1,31.1,23.6,35.3,0
20240714,2024-07-14,18.9,30,24.45,83.8,0
20240715,2024-07-15,20.6,31.1,25.85,0.5,0
20240716,2024-07-16,18.3,28.3,23.3,0,0
20240717,2024-07-17,14.4,24.4,19.4,0,0
20240718,2024-07-18,12.2,25,18.6,0,0
20240719,2024-07-19,13.3,26.7,20,0,0
20240720,2024-07-20,15.6,27.8,21.7,0,0
20240721,2024-07-21,17.2,28.3,22.75,0,0
20240722,2024-07-22,16.1,28.3,22.200000000000003,0,0
20240723,2024-07-23,18.9,26.1,22.5,20.3,0
20240724,2024-07-24,15.6,24.4,20,0,0
20240725,2024-07-25,13.3,26.7,20,0,0
20240726,2024-07-26,13.3,26.7,20,0,0
20240727,2024-07-27,14.4,28.3,21.35,0,0
20240728,2024-07-28,18.9,28.3,23.6,0.3,0
20240729,2024-07-29,20,28.3,24.15,1.8,0
20240730,2024-07-30,17.2,31.1,24.15,0,0
20240731,2024-07-31,19.4,33.3,26.349999999999998,0,0
20240801,2024-08-01,18.9,30,24.45,10.2,0
20240802,2024-08-02,18.3,31.1,24.700000000000003,0,0
20240803,2024-08-03,18.9,31.1,25,0,0
20240804,2024-08-04,19.4,31.1,25.25,0,0
20240805,2024-08-05,17.2,26.1,21.65,8.9,0
20240806,2024-08-06,14.4,24.4,19.4,13.5,0
20240807,2024-08-07,12.8,25.6,19.200000000000003,0,0
20240808,2024-08-08,13.3,25,19.15,0,0
20240809,2024-08-09,11.7,20.6,16.15,0,0
20240810,2024-08-10,12.8,22.2,17.5,0,0
20240811,2024-08-11,12.8,25,18.9,0,0
20240812,2024-08-12,12.8,27.8,20.3,0,0
20240813,2024-08-13,14.4,28.9,21.65,0,0
20240814,2024-08-14,14.4,28.3,21.35,0,0
20240815,2024-08-15,20,23.3,21.65,11.4,0
20240816,2024-08-16,20,28.9,24.45,8.1,0
20240817,2024-08-17,20,26.1,23.05,0.3,0
20240818,2024-08-18,17.2,26.1,21.65,0,0
20240819,2024-08-19,14.4,25,19.7,0,0
20240820,2024-08-20,11.7,22.2,16.95,0,0
20240821,2024-08-21,9.4,23.9,16.65,0,0
20240822,2024-08-22,10.6,25,17.8,0,0
20240823,2024-08-23,14.4,26.1,20.25,0,0
20240824,2024-08-24,13.3,30,21.65,0,0
20240825,2024-08-25,18.9,32.2,25.55,0,0
20240826,2024-08-26,23.9,34.4,29.15,0,0
20240827,2024-08-27,22.2,32.2,27.200000000000003,0.5,0
20240828,2024-08-28,20,29.4,24.7,0,0
20240829,2024-08-29,18.9,27.2,23.049999999999997,0,0
20240830,2024-08-30,14.4,26.7,20.55,21.3,0
20240831,2024-08-31,12.8,28.3,20.55,0,0
20240901,2024-09-01,11.7,23.3,17.5,0,0
20240902,2024-09-02,8.9,24.4,16.65,0,0
20240903,2024-09-03,11.7,24.4,18.049999999999997,0,0
20240904,2024-09-04,10.6,26.1,18.35,0,0
20240905,2024-09-05,13.3,24.4,18.85,0.3,0
20240906,2024-09-06,8.3,18.9,13.6,0.3,0
20240907,2024-09-07,5.6,18.3,11.95,0,0
20240908,2024-09-08,6.1,23.3,14.7,0,0
20240909,2024-09-09,15,26.1,20.55,0,0
20240910,2024-09-10,11.1,27.2,19.15,0,0
20240911,2024-09-11,15,28.9,21.95,0,0
20240912,2024-09-12,11.7,30,20.85,0,0
20240913,2024-09-13,13.9,29.4,21.65,0,0
20240914,2024-09-14,15,30.6,22.8,0,0
20240915,2024-09-15,15.6,31.7,23.65,0,0
20240916,2024-09-16,13.9,30,21.95,0,0
20240917,2024-09-17,11.7,30,20.85,0,0
20240918,2024-09-18,10.6,29.4,20,0,0
20240919,2024-09-19,12.8,30,21.4,10.4,0
20240920,2024-09-20,13.9,29.4,21.65,6.6,0
20240921,2024-09-21,12.2,30.6,21.4,12.7,0
20240922,2024-09-22,11.1,20,15.55,100.8,0
20240923,2024-09-23,8.3,20.6,14.450000000000001,0,0
20240924,2024-09-24,11.1,21.1,16.1,0,0
20240925,2024-09-25,8.9,24.4,16.65,0,0
20240926,2024-09-26,10,26.1,18.05,0,0
20240927,2024-09-27,10,25,17.5,0,0
20240928,2024-09-28,13.3,26.1,19.700000000000003,0,0
20240929,2024-09-29,13.3,26.7,20,0,0
20240930,2024-09-30,11.1,26.7,18.9,0,0
20241001,2024-10-01,8.3,20.6,14.450000000000001,0,0
20241002,2024-10-02,5,21.1,13.05,0,0
20241003,2024-10-03,9.4,23.9,16.65,0,0
20241004,2024-10-04,7.8,20,13.9,0.3,0
20241005,2024-10-05,6.1,27.8,16.95,0,0
20241006,2024-10-06,10,20.6,15.3,0,0
20241007,2024-10-07,3.3,17.8,10.55,0,0
20241008,2024-10-08,4.4,21.1,12.75,0,0
20241009,2024-10-09,4.4,20.6,12.5,0,0
20241010,2024-10-10,3.9,22.2,13.049999999999999,0,0
20241011,2024-10-11,10,27.8,18.9,0,0
20241012,2024-10-12,6.7,18.3,12.5,5.1,0
20241013,2024-10-13,6.1,13.9,10,0.3,0
20241014,2024-10-14,2.8,11.1,6.949999999999999,0,0
20241015,2024-10-15,1.1,10,5.55,0,0
20241016,2024-10-16,-1.6,13.9,6.15,0,0
20241017,2024-10-17,2.2,18.3,10.25,0,0
20241018,2024-10-18,5,20.6,12.8,0,0
20241019,2024-10-19,4.4,22.2,13.3,0,0
20241020,2024-10-20,10.6,26.1,18.35,0,0
20241021,2024-10-21,11.7,26.1,18.9,0,0
20241022,2024-10-22,11.1,20,15.55,0,0
20241023,2024-10-23,2.2,16.1,9.15,0,0
20241024,2024-10-24,-0.5,17.2,8.35,3,0
20241025,2024-10-25,2.8,15.6,9.2,0,0
20241026,2024-10-26,0.6,14.4,7.5,0,0
20241027,2024-10-27,0.6,15,7.8,0,0
20241028,2024-10-28,4.4,19.4,11.899999999999999,0,0
20241029,2024-10-29,18.3,27.8,23.05,0,0
20241030,2024-10-30,17.8,23.9,20.85,56.1,0
20241031,2024-10-31,4.4,17.8,11.100000000000001,7.1,0
20241101,2024-11-01,0.6,10,5.3,0,0
20241102,2024-11-02,-0.5,12.8,6.15,0,0
20241103,2024-11-03,8.9,16.1,12.5,15.7,0
20241104,2024-11-04,15.6,18.9,17.25,1,0
20241105,2024-11-05,10.6,18.9,14.75,14.5,0
20241106,2024-11-06,5,10.6,7.8,0,0
20241107,2024-11-07,1.7,13.9,7.8,0,0
20241108,2024-11-08,4.4,15.6,10,0,0
20241109,2024-11-09,2.8,13.3,8.05,1.3,0
20241110,2024-11-10,9.4,12.8,11.100000000000001,4.1,0
20241111,2024-11-11,0,11.1,5.55,0,0
20241112,2024-11-12,-1,9.4,4.2,0,0
20241113,2024-11-13,0,10.6,5.3,1.8,0
20241114,2024-11-14,7.2,9.4,8.3,10.7,0
20241115,2024-11-15,1.7,13.3,7.5,0,0
20241116,2024-11-16,0.6,10,5.3,0.3,0
20241117,2024-11-17,1.1,12.8,6.95,0,0
20241118,2024-11-18,-0.5,14.4,6.95,21.3,0
20241119,2024-11-19,7.2,15.6,11.4,5.8,0
20241120,2024-11-20,-1.6,7.2,2.8,1,0
20241121,2024-11-21,-2.1,6.1,1.9999999999999998,7.6,3
20241122,2024-11-22,3.3,7.2,5.25,0,0
20241123,2024-11-23,2.8,6.1,4.449999999999999,0,0
20241124,2024-11-24,1.1,7.8,4.45,0,0
20241125,2024-11-25,-2.1,7.2,2.55,0.8,0
20241126,2024-11-26,-6,2.2,-1.9,0,0
20241127,2024-11-27,-3.8,2.8,-0.5,0,0
20241128,2024-11-28,-4.9,-2.7,-3.8000000000000003,0,0
20241129,2024-11-29,-8.8,-4.3,-6.550000000000001,0,0
20241130,2024-11-30,-10.5,-4.3,-7.4,0,0
20241201,2024-12-01,-12.1,-6,-9.05,0,0
20241202,2024-12-02,-11,-2.7,-6.85,0,0
20241203,2024-12-03,-4.9,-0.5,-2.7,0,0
20241204,2024-12-04,-11.6,3.9,-3.8499999999999996,0,0
20241205,2024-12-05,-12.7,-2.1,-7.3999999999999995,0,0
20241206,2024-12-06,-10.5,0.6,-4.95,0,0
20241207,2024-12-07,-2.7,10,3.65,0,0
20241208,2024-12-08,0,11.7,5.85,0,0
20241209,2024-12-09,0.6,10.6,5.6,0,0
20241210,2024-12-10,-3.2,0.6,-1.3,0,0
20241211,2024-12-11,-15.5,-3.2,-9.35,0,0
20241212,2024-12-12,-18.2,-13.2,-15.7,0,0
20241213,2024-12-13,-18.2,-6.6,-12.399999999999999,0,0
20241214,2024-12-14,-8.2,3.3,-2.4499999999999997,5.3,0
20241215,2024-12-15,2.8,4.4,3.6,0,0
20241216,2024-12-16,2.2,5,3.6,0.5,0
20241217,2024-12-17,-1.6,2.2,0.30000000000000004,0.3,0
20241218,2024-12-18,-5.5,-1,-3.25,0.5,0
20241219,2024-12-19,-6,-2.7,-4.35,6.6,0
20241220,2024-12-20,-12.1,-1.6,-6.85,1,13
20241221,2024-12-21,-17.7,-8.8,-13.25,0,8
20241222,2024-12-22,-12.7,0.6,-6.05,0,8
20241223,2024-12-23,0,2.2,1.1,2.5,8
20241224,2024-12-24,-11.6,0.6,-5.5,0,5
20241225,2024-12-25,-12.1,1.1,-5.5,0,5
20241226,2024-12-26,-1,5,2,0,5
20241227,2024-12-27,4.4,8.9,6.65,13,0
20241228,2024-12-28,-1,8.3,3.6500000000000004,0.3,0
20241229,2024-12-29,-0.5,2.2,0.8500000000000001,0,0
20241230,2024-12-30,-3.2,6.1,1.4499999999999997,0,0
20241231,2024-12-31,-1.6,1.1,-0.25,0.8,0
